,Unnamed: 0,rgi_id,rgi_region,rgi_subregion,name,cenlon,cenlat,rgi_area_km2,glacier_type,terminus_type,status,dem_source,n_orig_centerlines,error_task,error_msg,dem_mean_elev,dem_med_elev,dem_min_elev,dem_max_elev,dem_max_elev_on_ext,dem_min_elev_on_ext,dem_perc_area_above_max_elev_on_ext,n_centerlines,longuest_centerline_km,lake_type,calving_front_width,length_to_LGM,region,debris,debris_jb
0,0,RGI60-15.09991,15,15-Feb,Cn5O193B0142 Rongbuk Glacier,86.83,28.048,73.215,Glacier,Land-terminating,Glacier or ice cap,SRTM,20,,,6004.388672,5935,5152,7946,7946,5152,0,20,24.26647978,2,,,everest,1,1
1,1,RGI60-15.02703,15,15-Feb,,88.20178223,27.76586914,68.664,Glacier,Land-terminating,Glacier or ice cap,SRTM,29,,,5421.736328,5449,4203,7136,7136,4203,0,29,26.45731831,0,,,sikkim,1,1
2,2,RGI60-15.10718,15,15-Feb,Cn5O212A0300 Lianggang Glacier,90.355,28.124,66.025,Glacier,Land-terminating,Glacier or ice cap,SRTM,15,,,5820.582031,5838,4754,7264,7264,4754,0,15,21.76956167,0,,,bhutan,,0
3,3,RGI60-15.09803,15,15-Feb,Cn5O193A0059 Kangxiong Glacier,86.992,27.986,64.393,Glacier,Land-terminating,Glacier or ice cap,SRTM,10,,,6020.969727,5740,4577,8807,8803,4577,0.000134409,10,20.94706189,0,,,everest,1,1
4,4,RGI60-15.03473,15,15-Feb,,86.71591187,28.089468,61.054,Glacier,Land-terminating,Glacier or ice cap,SRTM,16,,,5812.584961,5815,4701,8186,8120,4702,0.002959973,16,24.05125684,2,,,everest,1,1
5,5,RGI60-15.02846,15,15-Feb,,88.13967414,27.79982186,58.261,Glacier,Land-terminating,Glacier or ice cap,SRTM,25,,,5767.616211,5850,4596,7232,7232,4596,0,25,26.14544999,0,,,sikkim,,1
6,6,RGI60-15.09921,15,15-Feb,Cn5O193B0183 Gechongkang Glacier,86.719,28.153,47.113,Glacier,Land-terminating,Glacier or ice cap,SRTM,13,,,6332.930176,6304,5337,7929,7923,5337,0.000141955,13,20.12882885,0,,,everest,1,1
7,7,RGI60-15.09870,15,15-Feb,Cn5O193A0037 Kazhenpu Glacier,87.135,27.921,46.69,Glacier,Land-terminating,Glacier or ice cap,SRTM,9,,,5668.144531,5490.5,3721,8383,8383,3721,0,9,16.69034112,0,,,everest,,1
8,8,RGI60-15.09675,15,15-Feb,Cn5O192C0046,86.287,28.289,42.739,Glacier,Land-terminating,Glacier or ice cap,SRTM,9,,,5691.07373,5661,4780,7095,7095,4780,0,9,17.8067515,0,,,poiqu,,1
9,9,RGI60-15.04515,15,15-Jan,,84.15870667,28.49914932,42.398,Glacier,Land-terminating,Glacier or ice cap,SRTM,10,,,6270.626953,6386,3612,7586,7586,3612,0,10,11.85181818,0,,,,,
10,10,RGI60-15.04121,15,15-Jan,,85.66984558,28.31245422,37.792,Glacier,Land-terminating,Glacier or ice cap,SRTM,21,,,5333.435547,5343,4492,6615,6615,4492,0,21,20.70739826,0,,,poiqu,1,1
11,11,RGI60-15.04151,15,15-Jan,,84.68379211,28.40664291,36.05,Glacier,Land-terminating,Glacier or ice cap,SRTM,14,,,5242.323242,5400,3090,6981,6981,3090,0,14,21.87822337,0,,,,,
12,12,RGI60-15.09255,15,15-Jan,Cn5O186A0005 Sangqing Glacier,85.143,28.37,35.032,Glacier,Land-terminating,Glacier or ice cap,SRTM,6,,,5650.135742,5692.5,4355,7373,7373,4355,0,6,9.849991334,0,,,,,
13,13,RGI60-15.02231,15,15-Feb,,90.440539,28.02103221,34.388,Glacier,Land-terminating,Glacier or ice cap,SRTM,20,,,5345.916504,5384,4680,6118,6118,4680,0,20,16.46461406,0,,,bhutan,1,1
14,14,RGI60-15.09474,15,15-Feb,Cn5O191B0018,85.751,28.316,34.199,Glacier,Land-terminating,Glacier or ice cap,SRTM,10,,,5817.304199,5764,5029,7729,7729,5029,0,10,16.63873895,0,,,poiqu,1,1
15,15,RGI60-15.10299,15,15-Jan,Cn5O195A0004 Kangjiaruo Glacier,85.694,28.431,34.073,Glacier,Land-terminating,Glacier or ice cap,SRTM,10,,,5934.209961,5849,5328,7267,7267,5331,0,10,15.19173722,2,,,poiqu,,0
16,16,RGI60-15.10147,15,15-Feb,Cn5O194B004,86.59,28.121,33.291,Glacier,Land-terminating,Glacier or ice cap,SRTM,12,,,6168.648926,6060,5147,8179,8179,5147,0,12,18.6746212,0,,,everest,1,1
17,17,RGI60-15.02709,15,15-Feb,,88.09549329,27.66147626,32.194,Glacier,Land-terminating,Glacier or ice cap,SRTM,14,,,5581.069336,5476,4365,7934,7934,4365,0,14,22.98589104,0,,,sikkim,,1
18,18,RGI60-15.10755,15,15-Feb,Cn5O212A0282 Langmusang Glacier,90.472,28.082,32.023,Glacier,Land-terminating,Glacier or ice cap,SRTM,5,,,6183.489746,6082,5250,7353,7259,5250,0.017757367,5,13.56959595,0,,,bhutan,,0
19,19,RGI60-15.02229,15,15-Feb,,90.16532135,28.09889221,31.514,Glacier,Land-terminating,Glacier or ice cap,SRTM,13,,,4826.546875,4547,4057,6586,6586,4057,0,13,19.13412878,0,,,bhutan,1,1
20,20,RGI60-15.04541,15,15-Jan,,84.45565796,28.7372551,31.267,Glacier,Land-terminating,Glacier or ice cap,SRTM,13,,,5349.900879,5772,3724,6529,6529,3724,0,13,17.82301817,0,,,,,
21,21,RGI60-15.09408,15,15-Jan,Cn5O186C0053 Gangpengqing Glacier,85.544,28.538,30.004,Glacier,Land-terminating,Glacier or ice cap,SRTM,6,,,5593.637695,5543,4572,7275,7275,4572,0,6,12.86234458,0,,,poiqu,1,1
22,22,RGI60-15.03619,15,15-Feb,,87.01971436,27.9392376,29.968,Glacier,Land-terminating,Glacier or ice cap,SRTM,15,,,5832.55127,5911,4926,7066,7066,4926,0,15,18.73316016,0,,,everest,1,1
23,23,RGI60-15.10994,15,15-Jan,Cn5O257D0018,82.733,29.796,29.944,Glacier,Land-terminating,Glacier or ice cap,SRTM,15,,,5679.895508,5698,5107,6479,6479,5107,0,15,11.95633938,1,700,3200,central_west_one,,0
24,24,RGI60-15.09361,15,15-Jan,Cn5O186C0042 Dudang Glacier,85.427,28.608,29.171,Ice cap,Land-terminating,Glacier or ice cap,SRTM,1,,,5313.870117,5344,4500,6465,6465,4500,0,1,10.41151861,2,,,poiqu,1,1
25,25,RGI60-15.11003,15,15-Jan,Cn5O257D0011,82.799,29.753,28.628,Glacier,Land-terminating,Glacier or ice cap,SRTM,12,,,5744.463379,5768,5205,6598,6598,5205,0,12,14.17348412,0,550,940,central_west_one,,0
26,26,RGI60-15.03448,15,15-Feb,,86.53399429,27.87467538,28.574,Glacier,Land-terminating,Glacier or ice cap,SRTM,24,,,5644.215332,5714,4577,6660,6660,4577,0,24,18.75390879,1,250,3600,everest,,1
27,27,RGI60-15.10434,15,15-Feb,Cn5O197B0103 Kaer Glacier,88.108,27.905,28.367,Glacier,Land-terminating,Glacier or ice cap,SRTM,9,,,6277.675781,6300,5509,7423,7423,5509,0,9,10.07723066,1,570,3100,sikkim,,0
28,28,RGI60-15.09871,15,15-Feb,Cn5O193A0008 Labeilang Glacier,87.142,27.859,28.275,Glacier,Land-terminating,Glacier or ice cap,SRTM,8,,,5717.262207,5500,4095,8429,8429,4095,0,8,12.97233571,0,,,everest,,1
29,29,RGI60-15.04676,15,15-Jan,,84.16700106,28.90290408,27.859,Glacier,Land-terminating,Glacier or ice cap,SRTM,17,,,5989.108887,6018,5258,6730,6708,5258,0.000460653,17,12.04512337,0,,,,,
30,30,RGI60-15.03422,15,15-Feb,,86.58087921,28.09718704,27.163,Glacier,Land-terminating,Glacier or ice cap,SRTM,13,,,5374.34668,5310,4785,6546,6546,4785,0,13,18.94228888,2,,,everest,1,1
31,31,RGI60-15.10135,15,15-Feb,Cn5O194B0047,86.417,28.287,26.848,Glacier,Land-terminating,Glacier or ice cap,SRTM,8,,,5756.566406,5654,5089,7177,7177,5089,0,8,16.45852121,0,,,poiqu,1,1
32,32,RGI60-15.09459,15,15-Jan,Cn5O186C0113 Purepu Glacier,85.645,28.407,26.808,Glacier,Land-terminating,Glacier or ice cap,SRTM,12,,,5540.31543,5485,4761,7140,7140,4761,0,12,14.09267416,0,,,poiqu,1,1
33,33,RGI60-15.10055,15,15-Feb,Cn5O193B0118 East Rongbuk Glacier,86.93,28.05,26.727,Glacier,Land-terminating,Glacier or ice cap,SRTM,21,,,6434.244629,6428.5,5601,7548,7548,5601,0,21,13.73256651,0,,,everest,1,1
34,34,RGI60-15.09729,15,15-Feb,Cn5O192D0034,86.379,28.273,25.852,Glacier,Land-terminating,Glacier or ice cap,SRTM,7,,,5781.843262,5661,4966,7334,7274,4966,0.002750809,7,13.73854386,0,,,poiqu,,1
35,35,RGI60-15.03206,15,15-Feb,,88.15456338,27.62801442,25.737,Glacier,Land-terminating,Glacier or ice cap,SRTM,18,,,5439.233887,5266,4180,7275,7275,4180,0,18,16.48252682,0,,,sikkim,,1
36,36,RGI60-15.09771,15,15-Feb,Cn5O192E004,86.475,27.977,25.353,Glacier,Land-terminating,Glacier or ice cap,SRTM,11,,,5649.73877,5628,5054,7146,7146,5054,0,11,11.13848376,1,570,4100,everest,,1
37,37,RGI60-15.03366,15,15-Feb,,87.00796509,27.83184624,23.845,Glacier,Land-terminating,Glacier or ice cap,SRTM,16,,,5814.08252,5983,4548,6677,6677,4554,0,16,14.00482221,1,770,3200,everest,,1
38,38,RGI60-15.09500,15,15-Feb,Cn5O191C0012 Xiebupu Glacier,85.801,28.372,23.457,Glacier,Land-terminating,Glacier or ice cap,SRTM,8,,,6229.385742,5992,5257,7976,7974,5257,8.02E-05,8,14.73146983,0,,,poiqu,,1
39,39,RGI60-15.10232,15,15-Feb,Cn5O194D0021 Duiya Glacier,86.358,28.329,22.526,Glacier,Land-terminating,Glacier or ice cap,SRTM,5,,,6271.743652,6263,5498,7254,7254,5498,0,5,12.02734198,1,620,2600,poiqu,,0
40,40,RGI60-15.09426,15,15-Jan,Cn5O186C0087 Lalaga Glacier,85.572,28.472,22.419,Glacier,Land-terminating,Glacier or ice cap,SRTM,9,,,5503.117188,5467,4757,6631,6631,4757,0,9,15.67981038,2,,,poiqu,1,1
41,41,RGI60-15.02644,15,15-Feb,,89.9980513,28.13799482,21.772,Glacier,Land-terminating,Glacier or ice cap,SRTM,6,,,4955.835449,4863.5,4379,5931,5931,4379,0,6,17.26954458,2,,,bhutan,1,1
42,42,RGI60-15.10255,15,15-Feb,Cn5O194E0009 Yebokangjiale Glacier,85.751,28.386,21.352,Glacier,Land-terminating,Glacier or ice cap,SRTM,8,,,6436.936523,6537,5587,7415,7415,5587,0,8,11.6084606,1,470,,poiqu,,0
43,43,RGI60-15.04070,15,15-Jan,,84.59508546,28.53550454,21.036,Glacier,Land-terminating,Glacier or ice cap,SRTM,8,,,5307.352539,5330,3927,7772,7772,3927,0,8,10.64493333,0,,,,,
44,44,RGI60-15.11019,15,15-Jan,Cn5O257E0002,82.664,29.859,20.772,Glacier,Land-terminating,Glacier or ice cap,SRTM,8,,,5669.922852,5666,5044,6348,6343,5044,0.000165961,8,12.7586212,2,,,central_west_one,,0
45,45,RGI60-15.10180,15,15-Feb,,86.654,28.137,19.829,Glacier,Land-terminating,Glacier or ice cap,SRTM,5,,,6475.117676,6358,5420,8179,8179,5420,0,5,13.66665482,0,,,everest,1,1
46,46,RGI60-15.09805,15,15-Feb,Cn5O193A0120 Kada Glacier,87.007,28.047,19.177,Glacier,Land-terminating,Glacier or ice cap,SRTM,12,,,6184.543457,6149,5627,7174,7174,5627,0,12,9.684534265,1,500,,everest,,0
47,47,RGI60-15.03733,15,15-Feb,,86.90324402,27.97471619,19.097,Glacier,Land-terminating,Glacier or ice cap,SRTM,11,,,5897.686523,5561,4921,7891,7891,4921,0,11,18.37562019,2,,,everest,,1
48,48,RGI60-15.10689,15,15-Feb,Cn5O201A0019,88.881,27.923,18.92,Glacier,Land-terminating,Glacier or ice cap,SRTM,5,,,5738.771484,5744,4769,6998,6977,4769,0.000835631,5,14.08714862,2,,,sikkim,,1
49,49,RGI60-15.09792,15,15-Feb,Cn5O192E0013 Shalong Glacier,86.536,28.082,18.475,Glacier,Land-terminating,Glacier or ice cap,SRTM,7,,,5405.089844,5287,4778,6846,6846,4778,0,7,10.98587012,0,,,everest,1,1
50,50,RGI60-15.10921,15,15-Feb,Cn5O212A0057 Sebuganglun Glacier,90.849,28.058,17.465,Glacier,Land-terminating,Glacier or ice cap,SRTM,12,,,5422.195313,5552,4440,6210,6210,4440,0,12,13.32212424,0,,,bhutan,,1
51,51,RGI60-15.03765,15,15-Feb,,87.00346375,27.75392532,17.114,Glacier,Land-terminating,Glacier or ice cap,SRTM,13,,,5159.500488,5194,4211,6404,6404,4211,0,13,9.110796749,0,,,everest,,1
52,52,RGI60-15.04071,15,15-Jan,,84.63992162,28.48925987,17.016,Glacier,Land-terminating,Glacier or ice cap,SRTM,11,,,4196.810059,4115,3552,5460,5460,3552,0,11,14.94052575,0,,,,,
53,53,RGI60-15.05140,15,15-Jan,,84.53705907,28.51844592,16.895,Glacier,Land-terminating,Glacier or ice cap,SRTM,5,,,5815.448242,6041,4062,7567,7567,4062,0,5,12.54097618,1,280,,,,
54,54,RGI60-15.10878,15,15-Feb,Cn5O212A0189 Rega Glacier,90.671,28.231,16.134,Glacier,Land-terminating,Glacier or ice cap,SRTM,4,,,5341.001465,5265,4617,6713,6713,4617,0,4,10.22049754,0,,,bhutan,1,1
55,55,RGI60-15.09965,15,15-Feb,Cn5O193B0152 Jiuda Glacier,86.789,28.107,15.916,Glacier,Land-terminating,Glacier or ice cap,SRTM,8,,,6259.45752,6232,5404,7916,7916,5406,0,8,12.610215,0,,,everest,1,1
56,56,RGI60-15.09457,15,15-Jan,Cn5O186C0126 Lantan Glacier,85.641,28.312,15.824,Glacier,Land-terminating,Glacier or ice cap,SRTM,6,,,5412.488281,5471,4370,6542,6542,4370,0,6,15.82922077,0,,,poiqu,1,1
57,57,RGI60-15.03052,15,15-Feb,,88.85140965,27.89736847,15.596,Glacier,Land-terminating,Glacier or ice cap,SRTM,6,,,5497.151855,5575,4477,6710,6709,4477,9.04E-05,6,9.545909806,0,,,sikkim,,1
58,58,RGI60-15.09483,15,15-Feb,Cn5O191B0026,85.812,28.335,15.55,Glacier,Land-terminating,Glacier or ice cap,SRTM,5,,,6122.906738,6013.5,5081,7875,7875,5081,0,5,5.935446461,0,,,poiqu,,0
59,59,RGI60-15.09650,15,15-Feb,Cn5O192C0041 Bamolelingjia Glacier,86.218,28.285,15.446,Glacier,Land-terminating,Glacier or ice cap,SRTM,7,,,5613.201172,5594,5009,6714,6714,5009,0,7,10.832972,0,,,poiqu,,1
60,60,RGI60-15.04768,15,15-Jan,,83.99686454,28.60747296,15.312,Glacier,Land-terminating,Glacier or ice cap,SRTM,5,,,6121.006836,6125,4389,7495,7495,4389,0,5,7.304590181,0,,,,,
61,61,RGI60-15.09354,15,15-Jan,Cn5O186C0013 Nalicuomai Glacier,85.39,28.577,14.943,Ice cap,Land-terminating,Glacier or ice cap,SRTM,1,,,5448.819824,5453,4719,6590,6590,4719,0,1,7.604308868,2,,,poiqu,1,1
62,62,RGI60-15.10222,15,15-Feb,Cn5O194D0027 Cuolangma Glacier,86.301,28.329,14.852,Ice cap,Land-terminating,Glacier or ice cap,SRTM,1,,,6192.058105,6111.5,5410,7270,7270,5410,0,1,9.150420341,1,870,,poiqu,,0
63,63,RGI60-15.04813,15,15-Jan,,84.09403202,28.55645781,14.383,Glacier,Land-terminating,Glacier or ice cap,SRTM,7,,,5902.077637,5851,4208,7411,7411,4208,0,7,9.54780461,0,,,,,
64,64,RGI60-15.03743,15,15-Feb,,86.95796975,27.92400051,14.266,Glacier,Land-terminating,Glacier or ice cap,SRTM,9,,,5802.622559,5363,5018,7956,7956,5028,0,9,9.787140254,1,570,,everest,,1
65,65,RGI60-15.04230,15,15-Feb,,85.83445204,28.16264584,14.199,Glacier,Land-terminating,Glacier or ice cap,SRTM,10,,,5299.571289,5252,3889,6645,6645,3889,0,10,11.43952207,0,,,poiqu,1,1
66,66,RGI60-15.10814,15,15-Feb,Cn5O212A0122 Cuogalong Glacier,90.549,28.066,13.881,Glacier,Land-terminating,Glacier or ice cap,SRTM,6,,,5528.227051,5493,4949,6579,6579,4949,0,6,9.620553242,1,340,3400,bhutan,,0
67,67,RGI60-15.04714,15,15-Jan,,84.39260864,28.7430191,13.593,Glacier,Land-terminating,Glacier or ice cap,SRTM,5,,,5472.126953,5637,4479,6390,6390,4479,0,5,14.43563635,0,,,,,
68,68,RGI60-15.03428,15,15-Feb,,86.50771332,27.94194222,13.294,Glacier,Land-terminating,Glacier or ice cap,SRTM,13,,,5350.000977,5400,4596,6281,6281,4596,0,13,10.98943116,0,,,everest,1,1
69,69,RGI60-15.09839,15,15-Feb,Cn5O193A0057,87.08,27.933,13.272,Glacier,Land-terminating,Glacier or ice cap,SRTM,4,,,6473.03125,6325,5411,7742,7742,5411,0,4,7.502290906,0,,,everest,,1
70,70,RGI60-15.10279,15,15-Jan,Cn5O195A0022 Gangbu Glacier,85.521,28.579,13.217,Glacier,Land-terminating,Glacier or ice cap,SRTM,7,,,6037.131348,6054,5170,7182,7182,5170,0,7,8.660777772,1,400,,poiqu,,0
71,71,RGI60-15.10290,15,15-Jan,Cn5O195A0011 Guoluo Glacier,85.618,28.467,13.109,Glacier,Land-terminating,Glacier or ice cap,SRTM,6,,,5930.24707,5915,5281,6709,6709,5281,0,6,6.602813127,1,820,,poiqu,,0
72,72,RGI60-15.11008,15,15-Jan,Cn5O257D0006,82.84,29.713,12.969,Glacier,Land-terminating,Glacier or ice cap,SRTM,7,,,5718.686035,5743,5174,6277,6277,5174,0,7,11.22263635,0,360,1300,central_west_one,,0
73,73,RGI60-15.03474,15,15-Feb,,86.64416504,28.06834602,12.919,Glacier,Land-terminating,Glacier or ice cap,SRTM,4,,,5734.143066,5509,4937,7268,7268,4938,0,4,11.44773737,2,,,everest,1,1
74,74,RGI60-15.04600,15,15-Jan,,84.50224304,28.71277237,12.755,Glacier,Land-terminating,Glacier or ice cap,SRTM,5,,,5526.23291,5669,4465,6509,6509,4465,0,5,15.69019949,0,,,,,
75,75,RGI60-15.10070,15,15-Feb,Cn5O193B0118 East Rongbuk Glacier,86.956,28.089,12.646,Ice cap,Land-terminating,Glacier or ice cap,SRTM,1,,,6443.716797,6419,5916,6989,6989,5916,0,1,4.645904038,0,,,everest,,
76,76,RGI60-15.03417,15,15-Feb,,86.7558094,28.00681604,12.604,Glacier,Land-terminating,Glacier or ice cap,SRTM,8,,,5523.832031,5510,5001,6955,6918,5001,0.002146924,8,11.58979797,0,,,everest,1,1
77,77,RGI60-15.02637,15,15-Feb,,90.51504251,28.03508613,12.496,Glacier,Land-terminating,Glacier or ice cap,SRTM,6,,,5122.195801,5067,4697,6009,6009,4698,0,6,9.668742418,2,,,bhutan,1,1
78,78,RGI60-15.03734,15,15-Feb,,86.80792236,28.00566864,12.451,Glacier,Land-terminating,Glacier or ice cap,SRTM,8,,,5423.005371,5402,5129,6309,6309,5129,0,8,7.64783838,2,,,everest,1,1
79,79,RGI60-15.05606,15,15-Jan,,82.75569153,29.37703514,12.199,Glacier,Land-terminating,Glacier or ice cap,SRTM,9,,,5054.737793,4983,4074,6348,6346,4074,0.000361991,9,12.14307546,0,,,central_west_one,,1
80,80,RGI60-15.03188,15,15-Feb,,88.24804987,27.66392004,11.994,Glacier,Land-terminating,Glacier or ice cap,SRTM,5,,,5449.043945,5331.5,4332,6753,6753,4332,0,5,7.046078062,0,,,sikkim,,0
81,81,RGI60-15.09781,15,15-Feb,Cn5O192E0027 Dangpu Glacier,86.503,28.014,11.97,Glacier,Land-terminating,Glacier or ice cap,SRTM,3,,,5503.986816,5446.5,4778,6545,6545,4778,0,3,7.210244584,0,,,everest,1,1
82,82,RGI60-15.10342,15,15-Feb,Cn5O197B0144 Yindapu Glacier,87.887,27.925,11.878,Glacier,Land-terminating,Glacier or ice cap,SRTM,9,,,5767.167969,5794,5236,6462,6462,5236,0,9,7.882995667,0,,,sikkim,,1
83,83,RGI60-15.04119,15,15-Jan,,85.64497674,28.26235102,11.836,Glacier,Land-terminating,Glacier or ice cap,SRTM,14,,,5315.837891,5445,4173,6496,6496,4173,0,14,13.33107373,0,,,poiqu,1,1
84,84,RGI60-15.02698,15,15-Feb,,88.15512645,27.8980188,11.71,Glacier,Land-terminating,Glacier or ice cap,SRTM,2,,,5971.786621,5857,5206,7444,7444,5206,0,2,8.008744151,1,700,,sikkim,,0
85,85,RGI60-15.10860,15,15-Feb,Cn5O212A0222 Kula Glacier,90.625,28.25,11.547,Glacier,Land-terminating,Glacier or ice cap,SRTM,4,,,6202.532715,6108.5,5425,7172,7172,5425,0,4,9.01165829,0,,,bhutan,1,1
86,86,RGI60-15.02866,15,15-Feb,,88.18726808,27.87385999,11.525,Glacier,Land-terminating,Glacier or ice cap,SRTM,6,,,5861.496094,5783,5425,6971,6971,5425,0,6,7.774161323,2,,,sikkim,1,1
87,87,RGI60-15.02831,15,15-Feb,,88.26639652,27.70191414,11.457,Glacier,Land-terminating,Glacier or ice cap,SRTM,7,,,5386.445801,5505,3811,6438,6438,3811,0,7,8.273909806,0,,,sikkim,,1
88,88,RGI60-15.10879,15,15-Feb,Cn5O212A0214 Changrejiang Glacier,90.672,28.284,11.345,Ice cap,Land-terminating,Glacier or ice cap,SRTM,1,,,5757.411621,5828,4812,6796,6796,4812,0,1,10.02140677,0,,,bhutan,,0
89,89,RGI60-15.04258,15,15-Feb,,85.79890634,28.15868858,11.316,Glacier,Land-terminating,Glacier or ice cap,SRTM,7,,,5215.618164,5346,3858,6812,6812,3858,0,7,9.772912406,0,,,poiqu,1,1
90,90,RGI60-15.04101,15,15-Jan,,84.72155647,28.46888301,11.238,Glacier,Land-terminating,Glacier or ice cap,SRTM,7,,,5610.287109,5658.5,3879,6601,6601,3879,0,7,9.276552375,0,,,,,
91,91,RGI60-15.04717,15,15-Jan,,84.3812561,28.71857262,11.196,Glacier,Land-terminating,Glacier or ice cap,SRTM,7,,,5239.409668,5631.5,3646,6399,6399,3646,0,7,14.84949999,0,,,,,
92,92,RGI60-15.09106,15,15-Jan,Cn5O184A0039 Baibubu Glacier,84.483,28.756,11.165,Glacier,Land-terminating,Glacier or ice cap,SRTM,6,,,5971.081055,5954,5190,6786,6786,5190,0,6,6.483847614,0,,,,,
93,93,RGI60-15.02373,15,15-Feb,,90.31890431,28.12480263,10.942,Glacier,Land-terminating,Glacier or ice cap,SRTM,2,,,5815.214355,6068,4530,6877,6877,4530,0,2,9.429257136,1,310,3900,bhutan,,0
94,94,RGI60-15.09249,15,15-Jan,Cn5O186A0034 Baiwu Glacier,85.134,28.413,10.887,Glacier,Land-terminating,Glacier or ice cap,SRTM,1,,,5377.21582,5300,3759,7384,7380,3759,9.74E-05,1,7.353171424,0,,,,,
95,95,RGI60-15.02371,15,15-Feb,,90.27614692,28.13450442,10.486,Glacier,Land-terminating,Glacier or ice cap,SRTM,5,,,5500.665039,5869.5,4452,6898,6898,4452,0,5,9.632516662,1,900,,bhutan,,0
96,96,RGI60-15.04176,15,15-Jan,,85.74748184,28.20009294,10.284,Glacier,Land-terminating,Glacier or ice cap,SRTM,10,,,5269.744629,5248,4541,6365,6365,4541,0,10,10.83175757,0,,,poiqu,1,1
97,97,RGI60-15.10437,15,15-Feb,Cn5O197B0097 Laxia Glacier,88.119,27.961,10.202,Glacier,Land-terminating,Glacier or ice cap,SRTM,4,,,6219.377441,6227,5538,6793,6793,5538,0,4,5.577486866,0,,,sikkim,,0
98,98,RGI60-15.04098,15,15-Jan,,84.58766724,28.58159575,10.159,Glacier,Land-terminating,Glacier or ice cap,SRTM,4,,,5310.736816,5270,4007,6962,6962,4007,0,4,6.749954396,0,,,,,
99,99,RGI60-15.09377,15,15-Jan,Cn5O186C0046 Jinabasha Glacier,85.479,28.596,9.923,Ice cap,Land-terminating,Glacier or ice cap,SRTM,1,,,5449.235352,5417,4730,6540,6540,4730,0,1,4.158506202,0,,,poiqu,1,1
100,100,RGI60-15.04631,15,15-Jan,,84.4320755,28.7782898,9.916,Glacier,Land-terminating,Glacier or ice cap,SRTM,4,,,6008.560547,5991,5040,7054,7047,5040,0.000701825,4,9.49230591,0,,,,,
101,101,RGI60-15.09858,15,15-Feb,Cn5O193A0049 Lamalangzhuo Glacier,87.111,27.962,9.817,Glacier,Land-terminating,Glacier or ice cap,SRTM,3,,,5410.717773,5246,4394,7411,7411,4394,0,3,6.986267238,0,,,everest,,1
102,102,RGI60-15.03150,15,15-Feb,,88.21202077,27.81309587,9.809,Glacier,Land-terminating,Glacier or ice cap,SRTM,7,,,5765.594727,5764,5409,6455,6455,5410,0,7,8.658973732,1,570,,sikkim,,1
103,103,RGI60-15.02358,15,15-Feb,,90.08306282,28.11708746,9.793,Glacier,Land-terminating,Glacier or ice cap,SRTM,7,,,4563.683105,4540,4126,5245,5245,4126,0,7,9.926499269,0,,,bhutan,1,1
104,104,RGI60-15.10999,15,15-Jan,Cn5O257D0012,82.776,29.777,9.773,Glacier,Land-terminating,Glacier or ice cap,SRTM,3,,,5914.614746,5864,5400,6837,6816,5400,0.002552062,3,8.73583838,0,,,central_west_one,,0
105,105,RGI60-15.09350,15,15-Jan,Cn5O186C0011,85.368,28.549,9.701,Glacier,Land-terminating,Glacier or ice cap,SRTM,7,,,5393.567871,5398,4712,6028,6028,4712,0,7,6.20783838,0,,,poiqu,1,1
106,106,RGI60-15.10815,15,15-Feb,Cn5O212A017,90.55,28.222,9.692,Glacier,Land-terminating,Glacier or ice cap,SRTM,7,,,6065.112793,6055,5519,6655,6654,5519,0.00010247,7,7.503367384,0,,,bhutan,,0
107,107,RGI60-15.04653,15,15-Jan,,84.1962049,28.87383039,9.582,Glacier,Land-terminating,Glacier or ice cap,SRTM,9,,,5660.23877,5683,5029,6301,6290,5029,0.000510569,9,9.245012404,0,,,,,
108,108,RGI60-15.02789,15,15-Feb,,88.08182525,27.73130313,9.386,Glacier,Land-terminating,Glacier or ice cap,SRTM,3,,,5924.540039,5868,4747,7455,7455,4747,0,3,9.751468248,0,,,sikkim,1,1
109,109,RGI60-15.09587,15,15-Feb,Cn5O191D0010 Longmojian Glacier,86.243,28.319,9.3,Glacier,Land-terminating,Glacier or ice cap,SRTM,4,,,5895.342285,5812,5399,6802,6802,5399,0,4,6.663930876,1,520,,poiqu,,0
110,110,RGI60-15.09862,15,15-Feb,Cn5O193A007,87.115,28.032,9.239,Glacier,Land-terminating,Glacier or ice cap,SRTM,9,,,5248.635254,5214,4402,6331,6331,4402,0,9,10.6801777,0,,,everest,1,1
111,111,RGI60-15.10721,15,15-Feb,Cn5O212A0311 Balijia Glacier,90.365,28.187,9.192,Glacier,Land-terminating,Glacier or ice cap,SRTM,6,,,6258.607422,6266,5475,6925,6925,5475,0,6,6.649799708,1,220,4000,bhutan,,0
112,112,RGI60-15.02771,15,15-Feb,,88.0201416,27.6720047,9.178,Glacier,Land-terminating,Glacier or ice cap,SRTM,11,,,5338.969727,5490,4255,6655,6655,4255,0,11,9.476496459,0,,,sikkim,,1
113,113,RGI60-15.11007,15,15-Jan,Cn5O257D0009,82.832,29.748,9.144,Glacier,Land-terminating,Glacier or ice cap,SRTM,7,,,5925.772461,5905,5299,6473,6421,5299,0.003148487,7,7.411424525,0,,,central_west_one,,0
114,114,RGI60-15.10407,15,15-Feb,Cn5O197B0107 Longbasaba Glacier,88.057,27.906,9.101,Glacier,Land-terminating,Glacier or ice cap,SRTM,5,,,6139.578125,6125,5587,6783,6747,5587,0.001957149,5,5.163624817,1,460,,sikkim,,0
115,115,RGI60-15.10413,15,15-Feb,Cn5O197B0092,88.069,27.99,9.099,Glacier,Land-terminating,Glacier or ice cap,SRTM,6,,,6157.680664,6162,5618,6726,6722,5618,0.00031011,6,5.454552883,0,,,sikkim,,0
116,116,RGI60-15.09760,15,15-Feb,Cn5O192E0038,86.417,27.983,9.079,Glacier,Land-terminating,Glacier or ice cap,SRTM,3,,,5477.492188,5333,4469,7141,7141,4469,0,3,6.420871642,2,,,everest,,1
117,117,RGI60-15.02384,15,15-Feb,,90.31290445,28.02394444,9.06,Glacier,Land-terminating,Glacier or ice cap,SRTM,7,,,5530.180176,5531,5316,5832,5832,5316,0,7,5.949640328,0,,,bhutan,,0
118,118,RGI60-15.02856,15,15-Feb,,88.08448029,27.85858917,8.916,Glacier,Land-terminating,Glacier or ice cap,SRTM,8,,,5703.305664,5739,5142,6314,6314,5142,0,8,10.24967135,0,,,sikkim,1,1
119,119,RGI60-15.10663,15,15-Feb,Cn5O198E0064,87.808,27.923,8.864,Glacier,Land-terminating,Glacier or ice cap,SRTM,10,,,5536.833984,5572,5015,6026,6026,5015,0,10,8.34051197,1,320,,sikkim,,0
120,120,RGI60-15.10243,15,15-Feb,Cn5O194D0014 East Duosangpu Glacier,86.424,28.345,8.845,Glacier,Land-terminating,Glacier or ice cap,SRTM,5,,,6188.17334,6190,5558,6948,6919,5558,0.003654208,5,8.35700281,0,,,poiqu,,0
121,121,RGI60-15.02896,15,15-Feb,,87.9461442,27.88747563,8.825,Glacier,Land-terminating,Glacier or ice cap,SRTM,8,,,5767.793945,5721,5047,6736,6725,5047,0.000316322,8,5.27166854,0,,,sikkim,,1
122,122,RGI60-15.02274,15,15-Feb,,89.8392711,28.09826106,8.643,Glacier,Land-terminating,Glacier or ice cap,SRTM,8,,,5371.927246,5414,4616,5823,5823,4616,0,8,6.494421715,0,,,bhutan,,1
123,123,RGI60-15.10839,15,15-Feb,Cn5O212A0233 Zharilang Glacier,90.583,28.246,8.628,Glacier,Land-terminating,Glacier or ice cap,SRTM,3,,,5972.225586,5945,5478,6811,6811,5478,0,3,6.583771496,1,260,2200,bhutan,,0
124,124,RGI60-15.10972,15,15-Feb,Cn5O252B0003 Baohongli Glacier,88.86,27.945,8.624,Glacier,Land-terminating,Glacier or ice cap,SRTM,6,,,6224.820313,6248,5467,7064,7064,5467,0,6,6.967699562,0,,,sikkim,,0
125,125,RGI60-15.10906,15,15-Feb,Cn5O212A0090 Bailang Glacier,90.78,28.068,8.494,Glacier,Land-terminating,Glacier or ice cap,SRTM,7,,,5659.880371,5661.5,5215,6211,6211,5215,0,7,5.168010819,1,750,6500,bhutan,,0
126,126,RGI60-15.05194,15,15-Jan,,82.16034307,30.14165551,8.421,Glacier,Land-terminating,Glacier or ice cap,SRTM,5,,,5036.915039,5019,4649,5937,5937,4649,0,5,9.855655839,0,,,central_west_one,1,1
127,127,RGI60-15.04060,15,15-Jan,,84.967453,28.55244064,8.385,Glacier,Land-terminating,Glacier or ice cap,SRTM,4,,,5050.917969,5029.5,3730,6616,6613,3730,0.000103541,4,8.549848481,0,,,,,
128,128,RGI60-15.02263,15,15-Feb,,89.86772643,28.13637865,8.353,Glacier,Land-terminating,Glacier or ice cap,SRTM,5,,,5430.946289,5459,4569,6059,6059,4569,0,5,7.262346315,1,210,1300,bhutan,1,1
129,129,RGI60-15.10373,15,15-Feb,Cn5O197B0123 Zhizhai Glacier,87.985,27.902,8.312,Glacier,Land-terminating,Glacier or ice cap,SRTM,7,,,6017.612305,5941,5405,6797,6736,5405,0.003406792,7,5.461980515,1,150,,sikkim,,0
130,130,RGI60-15.03217,15,15-Feb,,88.10941888,27.58216819,8.288,Glacier,Land-terminating,Glacier or ice cap,SRTM,8,,,5576.45459,5497,4614,7144,7144,4614,0,8,8.352640687,1,200,,sikkim,,1
131,131,RGI60-15.09271,15,15-Jan,Cn5O186A0031,85.174,28.408,8.179,Ice cap,Land-terminating,Glacier or ice cap,SRTM,1,,,5269.769531,5190,4035,6580,6580,4035,0,1,5.246833329,0,,,,,
132,132,RGI60-15.10987,15,15-Jan,Cn5O256C0037,84.425,28.837,8.179,Glacier,Land-terminating,Glacier or ice cap,SRTM,6,,,6054.492676,6029,5646,6632,6632,5646,0,6,6.115950212,0,,,,,
133,133,RGI60-15.10883,15,15-Feb,Cn5O212A0196 Jiejiu Glacier,90.686,28.26,8.151,Ice cap,Land-terminating,Glacier or ice cap,SRTM,1,,,5430.002441,5448,4710,6438,6438,4710,0,1,4.909188309,0,,,bhutan,1,1
134,134,RGI60-15.02591,15,15-Feb,,90.75130292,28.03493836,8.057,Glacier,Land-terminating,Glacier or ice cap,SRTM,7,,,5477.278809,5548,4873,6077,6077,4873,0,7,7.827199128,1,490,4400,bhutan,,0
135,135,RGI60-15.10819,15,15-Feb,Cn5O212A0139 Wenjia Glacier,90.557,28.098,8.049,Glacier,Land-terminating,Glacier or ice cap,SRTM,3,,,5703.383789,5668,5243,6424,6424,5243,0,3,6.064995667,0,,,bhutan,,0
136,136,RGI60-15.10912,15,15-Feb,Cn5O212A0012,90.814,28.029,7.914,Glacier,Land-terminating,Glacier or ice cap,SRTM,7,,,5277.931152,5341,4706,5933,5933,4706,0,7,8.135727266,0,,,bhutan,1,1
137,137,RGI60-15.02319,15,15-Feb,,89.9123003,28.16265007,7.882,Glacier,Land-terminating,Glacier or ice cap,SRTM,6,,,5316.463379,5304,4583,6175,6175,4583,0,6,8.84293506,0,,,bhutan,,0
138,138,RGI60-15.04757,15,15-Jan,,84.03658264,28.75650365,7.791,Glacier,Land-terminating,Glacier or ice cap,SRTM,5,,,5821.236816,5789,5118,6533,6493,5118,0.00168218,5,7.096173157,0,,,,,
139,139,RGI60-15.10240,15,15-Feb,Cn5O194D0017 West Duosangpu Glacier,86.396,28.338,7.77,Glacier,Land-terminating,Glacier or ice cap,SRTM,4,,,6260.102539,6226,5579,6997,6991,5579,0.000892758,4,8.036833329,0,,,poiqu,,0
140,140,RGI60-15.10778,15,15-Feb,Cn5O212A0161,90.502,28.169,7.742,Glacier,Land-terminating,Glacier or ice cap,SRTM,6,,,6021.806152,5970,5607,6880,6753,5607,0.010324484,6,6.325121784,0,,,bhutan,1,1
141,141,RGI60-15.10653,15,15-Feb,Cn5O198E007,87.769,27.891,7.74,Glacier,Land-terminating,Glacier or ice cap,SRTM,5,,,5618.333984,5576,5086,6340,6335,5086,0.000105697,5,6.643268104,2,,,sikkim,1,1
142,142,RGI60-15.09308,15,15-Jan,Cn5O186B0055 Angdang Glacier,85.304,28.498,7.716,Glacier,Land-terminating,Glacier or ice cap,SRTM,6,,,5347.36084,5342,4701,5752,5752,4701,0,6,4.407499926,0,,,poiqu,,0
143,143,RGI60-15.04220,15,15-Feb,,85.72464752,28.16322708,7.703,Glacier,Land-terminating,Glacier or ice cap,SRTM,9,,,5352.28125,5323,4369,6923,6884,4369,0.004862907,9,8.233292491,0,,,poiqu,1,1
144,144,RGI60-15.03149,15,15-Feb,,88.05119254,27.66464113,7.655,Glacier,Land-terminating,Glacier or ice cap,SRTM,7,,,5944.364258,5755,5234,7435,7435,5234,0,7,5.975560892,0,,,sikkim,,0
145,145,RGI60-15.02997,15,15-Feb,,88.34058023,27.69903329,7.601,Glacier,Land-terminating,Glacier or ice cap,SRTM,6,,,5132.882813,5325,4029,6686,6686,4029,0,6,7.656207138,1,330,,sikkim,,1
146,146,RGI60-15.09811,15,15-Feb,Cn5O193A0132,87.021,28.117,7.551,Glacier,Land-terminating,Glacier or ice cap,SRTM,5,,,6060.250488,5978,5689,7010,6996,5689,0.000867491,5,5.016499926,0,,,everest,,0
147,147,RGI60-15.04474,15,15-Jan,,84.56291466,28.60932554,7.547,Glacier,Land-terminating,Glacier or ice cap,SRTM,4,,,5051.123535,5029,4217,5923,5923,4217,0,4,8.65954855,0,,,,,
148,148,RGI60-15.04611,15,15-Jan,,84.39,28.839,7.542,Glacier,Land-terminating,Glacier or ice cap,SRTM,6,,,5846.693359,5858,5221,6474,6474,5221,0,6,5.545890112,0,,,,,
149,149,RGI60-15.02911,15,15-Feb,,88.15377169,27.94473063,7.532,Glacier,Land-terminating,Glacier or ice cap,SRTM,5,,,5819.229004,5737,5407,6746,6746,5407,0,5,6.324268104,0,,,sikkim,,1
150,150,RGI60-15.06462,15,15-Jan,,82.19044736,29.96725617,7.372,Glacier,Land-terminating,Glacier or ice cap,SRTM,7,,,5094.820313,5192,4243,5773,5773,4243,0,7,6.413829145,0,,,central_west_one,,0
151,151,RGI60-15.10286,15,15-Jan,Cn5O195A0015 Guoluoqiang Glacier,85.581,28.525,7.354,Ice cap,Land-terminating,Glacier or ice cap,SRTM,1,,,5862.672363,5827,5362,6635,6635,5362,0,1,3.536646245,1,490,,poiqu,,0
152,152,RGI60-15.10209,15,15-Feb,Cn5O194C0001 Ayi Glacier,86.457,28.316,7.27,Glacier,Land-terminating,Glacier or ice cap,SRTM,4,,,5775.874512,5732.5,5312,6770,6770,5312,0,4,10.21901204,0,,,poiqu,1,1
153,153,RGI60-15.09283,15,15-Jan,Cn5O186A0028 Puyong Glacier,85.2,28.397,7.258,Ice cap,Land-terminating,Glacier or ice cap,SRTM,1,,,5331.859375,5193,4297,6630,6617,4297,0.00113353,1,3.454621859,0,,,,,
154,154,RGI60-15.10765,15,15-Feb,Cn5O212A015,90.482,28.15,7.209,Ice cap,Land-terminating,Glacier or ice cap,SRTM,1,,,6177.17334,6171,5674,6585,6585,5674,0,1,5.457682825,0,,,bhutan,,0
155,155,RGI60-15.03049,15,15-Feb,,88.82132146,27.94929301,7.189,Glacier,Land-terminating,Glacier or ice cap,SRTM,5,,,5917.846191,5908,5321,6864,6846,5321,0.002722014,5,6.911804758,1,540,,sikkim,,0
156,156,RGI60-15.02897,15,15-Feb,,87.89752197,27.90143585,7.183,Glacier,Land-terminating,Glacier or ice cap,SRTM,6,,,5497.783203,5515,4887,6184,6184,4887,0,6,7.447377844,0,,,sikkim,1,1
157,157,RGI60-15.11011,15,15-Jan,Cn5O257D0006,82.866,29.701,7.155,Glacier,Land-terminating,Glacier or ice cap,SRTM,5,,,5789.123047,5753,5284,6424,6411,5284,0.000453772,5,7.362085204,0,,,central_west_one,,0
158,158,RGI60-15.04679,15,15-Jan,,84.10401167,28.89274974,7.119,Glacier,Land-terminating,Glacier or ice cap,SRTM,5,,,5991.445313,6016,5340,6714,6714,5340,0,5,6.970158364,0,,,,,
159,159,RGI60-15.09868,15,15-Feb,Cn5O193A0108,87.133,28.047,7.061,Glacier,Land-terminating,Glacier or ice cap,SRTM,6,,,5400.357422,5352,4885,6056,6056,4885,0,6,6.809877918,1,80,,everest,1,1
160,160,RGI60-15.03401,15,15-Feb,,86.96861807,27.85429816,7.017,Glacier,Land-terminating,Glacier or ice cap,SRTM,6,,,5688.883789,5681,5208,6543,6543,5208,0,6,5.862829145,1,260,,everest,,1
161,161,RGI60-15.10463,15,15-Feb,Cn5O197B,88.251,27.968,6.924,Glacier,Land-terminating,Glacier or ice cap,SRTM,5,,,5970.073242,5993,5338,6490,6448,5338,0.005787922,5,6.679094947,1,280,,sikkim,,0
162,162,RGI60-15.02783,15,15-Feb,,88.03695618,27.70574732,6.905,Glacier,Land-terminating,Glacier or ice cap,SRTM,2,,,5006.081543,4863,4170,6578,6578,4170,0,2,12.23654141,0,,,sikkim,,1
163,163,RGI60-15.03744,15,15-Feb,,86.53489685,28.01120949,6.889,Glacier,Land-terminating,Glacier or ice cap,SRTM,4,,,5274.313477,5273,5006,5951,5951,5006,0,4,7.29296363,2,,,everest,1,1
164,164,RGI60-15.03742,15,15-Feb,,86.91528338,27.92662512,6.825,Glacier,Land-terminating,Glacier or ice cap,SRTM,4,,,5175.144531,5144,4917,5855,5855,4917,0,4,7.46775757,0,,,everest,1,1
165,165,RGI60-15.09801,15,15-Feb,Cn5O193A0125 Kadazhanggeli Glacier,86.985,28.103,6.803,Glacier,Land-terminating,Glacier or ice cap,SRTM,4,,,6436.12793,6435,5931,6987,6987,5931,0,4,6.329848481,0,,,everest,,0
166,166,RGI60-15.09481,15,15-Feb,Cn5O191B001,85.807,28.213,6.793,Glacier,Land-terminating,Glacier or ice cap,SRTM,4,,,5350.513184,5018,4476,6930,6930,4476,0,4,7.374632319,0,,,poiqu,1,1
167,167,RGI60-15.10866,15,15-Feb,Cn5O212A0188,90.642,28.216,6.782,Glacier,Land-terminating,Glacier or ice cap,SRTM,2,,,5861.428223,5722,5074,7117,7117,5074,0,2,5.775818177,1,300,1800,bhutan,1,1
168,168,RGI60-15.11015,15,15-Jan,Cn5O257E0008,82.639,29.895,6.748,Ice cap,Land-terminating,Glacier or ice cap,SRTM,1,,,5739.81543,5769,5153,6352,6352,5153,0,1,7.520260603,0,,,central_west_one,,0
169,169,RGI60-15.03976,15,15-Jan,,85.05481687,28.34589247,6.686,Glacier,Land-terminating,Glacier or ice cap,SRTM,5,,,5391.21875,5407,4597,6146,6146,4597,0,5,4.152301008,0,,,,,
170,170,RGI60-15.03030,15,15-Feb,,88.81869367,27.91288941,6.602,Ice cap,Land-terminating,Glacier or ice cap,SRTM,1,,,5521.836426,5527,4687,6394,6394,4687,0,1,6.381868684,0,,,sikkim,,1
171,171,RGI60-15.02906,15,15-Feb,,87.88063699,27.8935028,6.595,Glacier,Land-terminating,Glacier or ice cap,SRTM,6,,,5618.069824,5631,4977,6135,6135,4977,0,6,4.970270704,0,,,sikkim,,0
172,172,RGI60-15.02908,15,15-Feb,,88.1374263,27.91910272,6.51,Glacier,Land-terminating,Glacier or ice cap,SRTM,4,,,5929.121094,5928,5453,6650,6650,5453,0,4,4.697064643,1,340,,sikkim,,0
173,173,RGI60-15.10697,15,15-Feb,Cn5O201A0016,88.908,27.876,6.489,Glacier,Land-terminating,Glacier or ice cap,SRTM,5,,,5323.212891,5181,4743,6645,6645,4743,0,5,7.86456161,0,,,sikkim,,1
174,174,RGI60-15.04719,15,15-Jan,,84.32461548,28.70119476,6.462,Glacier,Land-terminating,Glacier or ice cap,SRTM,8,,,5526.588867,5504,4731,6365,6365,4731,0,8,8.26864242,0,,,,,
175,175,RGI60-15.10673,15,15-Feb,Cn5O198E0055,87.843,27.957,6.451,Glacier,Land-terminating,Glacier or ice cap,SRTM,4,,,5750.657227,5767,5311,6226,6191,5311,0.002481976,4,5.005064643,1,290,,sikkim,,0
176,176,RGI60-15.10965,15,15-Feb,Cn5O252A0006,89.527,28.102,6.42,Glacier,Land-terminating,Glacier or ice cap,SRTM,3,,,5930.07666,5918,5257,6521,6521,5257,0,3,4.033507068,0,,,bhutan,,0
177,177,RGI60-15.09491,15,15-Feb,Cn5O191B0006,85.868,28.162,6.403,Glacier,Land-terminating,Glacier or ice cap,SRTM,2,,,5232.675293,5300,4373,6426,6426,4373,0,2,7.447375752,2,,,poiqu,1,1
178,178,RGI60-15.10130,15,15-Feb,Cn5O194A0006,86.712,28.247,6.401,Glacier,Land-terminating,Glacier or ice cap,SRTM,5,,,6140.568848,6141,5749,6479,6479,5749,0,5,4.560703028,0,,,everest,,0
179,179,RGI60-15.05181,15,15-Jan,,82.38999551,29.74886141,6.39,Glacier,Land-terminating,Glacier or ice cap,SRTM,9,,,5095.468262,5094,4622,5545,5545,4622,0,9,5.062713129,0,,,central_west_one,,0
180,180,RGI60-15.09802,15,15-Feb,Cn5O193A0125 Kadazhanggeli Glacier,86.986,28.081,6.293,Ice cap,Land-terminating,Glacier or ice cap,SRTM,1,,,6414.183105,6388,5896,7093,7093,5896,0,1,6.04504444,0,,,everest,,0
181,181,RGI60-15.10356,15,15-Feb,Cn5O197B0141 Jimi Glacier,87.944,27.921,6.246,Glacier,Land-terminating,Glacier or ice cap,SRTM,4,,,5725.344727,5651,5179,6645,6645,5179,0,4,5.876269478,1,250,,sikkim,,0
182,182,RGI60-15.09599,15,15-Feb,Cn5O191D0002,86.276,28.338,6.018,Glacier,Land-terminating,Glacier or ice cap,SRTM,2,,,6128.254883,6018,5565,6930,6930,5565,0,2,7.657009086,1,390,,poiqu,,0
183,183,RGI60-15.02706,15,15-Feb,,88.28465374,27.79292574,5.982,Glacier,Land-terminating,Glacier or ice cap,SRTM,8,,,5707.533203,5730,5303,6069,6069,5303,0,8,6.151231165,0,,,sikkim,,0
184,184,RGI60-15.03435,15,15-Feb,,86.54076806,27.95511244,5.911,Glacier,Land-terminating,Glacier or ice cap,SRTM,4,,,5197.574707,5145,4850,6015,6015,4850,0,4,7.610025971,2,,,everest,1,1
185,185,RGI60-15.10779,15,15-Feb,Cn5O212A025,90.503,28.214,5.899,Glacier,Land-terminating,Glacier or ice cap,SRTM,4,,,5988.211914,5939,5527,6754,6754,5527,0,4,5.368231165,0,,,bhutan,,0
186,186,RGI60-15.10181,15,15-Feb,Cn5O194B0018,86.657,28.176,5.827,Glacier,Land-terminating,Glacier or ice cap,SRTM,3,,,6249.980469,6259,5688,6819,6819,5688,0,3,6.263398046,0,,,everest,,0
187,187,RGI60-15.10459,15,15-Feb,Cn5O197B0034,88.197,27.961,5.813,Glacier,Land-terminating,Glacier or ice cap,SRTM,4,,,5851.902344,5823,5296,6448,6448,5296,0,4,6.089090255,0,,,sikkim,,0
188,188,RGI60-15.02888,15,15-Feb,,88.00534716,27.86812893,5.718,Glacier,Land-terminating,Glacier or ice cap,SRTM,4,,,5606.125977,5567,5126,6301,6301,5126,0,4,7.948116226,2,,,sikkim,1,1
189,189,RGI60-15.10834,15,15-Feb,Cn5O212A0182 Changlie Glacier,90.579,28.224,5.667,Glacier,Land-terminating,Glacier or ice cap,SRTM,4,,,5917.571289,5849,5520,6660,6653,5520,0.001735035,4,4.586025971,0,,,bhutan,,0
190,190,RGI60-15.10285,15,15-Jan,Cn5O195A0018 Xiuke Glacier,85.572,28.553,5.65,Glacier,Land-terminating,Glacier or ice cap,SRTM,1,,,5921.552246,5750,5368,7274,7274,5369,0,1,5.986188309,1,930,,poiqu,,0
191,191,RGI60-15.04137,15,15-Jan,,84.96648014,28.57194595,5.609,Glacier,Land-terminating,Glacier or ice cap,SRTM,2,,,5510.805176,5365,4593,6771,6771,4593,0,2,5.772436359,0,,,,,
192,192,RGI60-15.02833,15,15-Feb,,88.20705676,27.65486797,5.572,Glacier,Land-terminating,Glacier or ice cap,SRTM,5,,,5128.486328,5099,4531,5914,5914,4531,0,5,6.909808435,0,,,sikkim,,1
193,193,RGI60-15.02594,15,15-Feb,,90.78938294,28.03190231,5.522,Glacier,Land-terminating,Glacier or ice cap,SRTM,4,,,5222.043457,5298,4842,5610,5610,4842,0,4,6.747568394,0,,,bhutan,1,1
194,194,RGI60-15.10444,15,15-Feb,Cn5O197B004,88.132,27.989,5.486,Ice cap,Land-terminating,Glacier or ice cap,SRTM,1,,,6243.758789,6257,5706,6794,6794,5706,0,1,2.925251368,0,,,sikkim,,0
195,195,RGI60-15.05736,15,15-Jan,,82.56715061,29.42792403,5.419,Glacier,Land-terminating,Glacier or ice cap,SRTM,6,,,5172.753906,5118,4831,6106,6106,4831,0,6,5.913720631,0,,,central_west_one,,0
196,196,RGI60-15.11014,15,15-Jan,Cn5O257E0009,82.618,29.892,5.411,Glacier,Land-terminating,Glacier or ice cap,SRTM,5,,,5484.259277,5432,4997,6083,6083,4997,0,5,5.939720631,0,,,central_west_one,,0
197,197,RGI60-15.09338,15,15-Jan,Cn5O186B0017 Weisapu Glacier,85.407,28.642,5.358,Glacier,Land-terminating,Glacier or ice cap,SRTM,5,,,5519.220215,5491.5,4733,6638,6638,4734,0,5,9.678811393,2,,,poiqu,1,1
198,198,RGI60-15.10464,15,15-Feb,Cn5O197B0029 Chutanjima Glacier,88.271,27.976,5.319,Glacier,Land-terminating,Glacier or ice cap,SRTM,2,,,5915.266602,5922,5332,6553,6553,5332,0,2,5.722481815,1,250,,sikkim,,0
199,199,RGI60-15.03986,15,15-Jan,,84.658,28.388,5.293,Glacier,Land-terminating,Glacier or ice cap,SRTM,4,,,5413.543457,5344,4646,6625,6625,4646,0,4,4.76156421,0,,,,,
200,200,RGI60-15.03337,15,15-Feb,,88.80252621,27.91743353,5.267,Ice cap,Land-terminating,Glacier or ice cap,SRTM,1,,,5673.566406,5649,5174,6471,6471,5174,0,1,7.33556421,2,,,sikkim,,1
201,201,RGI60-15.05196,15,15-Jan,,82.15546987,30.0970229,5.263,Glacier,Land-terminating,Glacier or ice cap,SRTM,5,,,5219.111328,5182,4870,5819,5819,4870,0,5,6.657716447,0,,,central_west_one,1,1
202,202,RGI60-15.10076,15,15-Feb,Cn5O193B0054,86.961,28.12,5.249,Ice cap,Land-terminating,Glacier or ice cap,SRTM,1,,,6359.52832,6359,5793,6927,6927,5793,0,1,2.6746215,0,,,everest,,
203,203,RGI60-15.05575,15,15-Jan,,82.60945129,29.40627289,5.249,Glacier,Land-terminating,Glacier or ice cap,SRTM,5,,,5509.995117,5512,4970,6276,6276,4970,0,5,5.242946894,0,,,central_west_one,,1
204,204,RGI60-15.02862,15,15-Feb,,88.06456092,27.86352913,5.224,Glacier,Land-terminating,Glacier or ice cap,SRTM,4,,,5467.400879,5478,5015,6069,6069,5015,0,4,9.937280656,2,,,sikkim,1,1
205,205,RGI60-15.09475,15,15-Feb,Cn5O191B0015,85.773,28.234,5.156,Glacier,Land-terminating,Glacier or ice cap,SRTM,3,,,5258.357422,5129,4924,6576,6576,4924,0,3,4.830325394,0,,,poiqu,1,1
206,206,RGI60-15.09492,15,15-Feb,Cn5O191B,85.884,28.134,5.12,Glacier,Land-terminating,Glacier or ice cap,SRTM,4,,,5229.100586,5303,4483,6486,6486,4483,0,4,6.528033473,2,,,poiqu,,1
207,207,RGI60-15.10695,15,15-Feb,Cn5O201A0012,88.896,27.864,5.061,Glacier,Land-terminating,Glacier or ice cap,SRTM,5,,,5425.33252,5390,5005,6232,6232,5005,0,5,5.063877052,0,,,sikkim,,0
208,208,RGI60-15.03673,15,15-Feb,,87.7975769,27.79605684,5.037,Glacier,Land-terminating,Glacier or ice cap,SRTM,5,,,5304.632813,5327,4827,5732,5732,4827,0,5,5.025259736,0,,,sikkim,1,1
209,209,RGI60-15.10892,15,15-Feb,Cn5O212A0100 Angge Glacier,90.721,28.078,4.951,Glacier,Land-terminating,Glacier or ice cap,SRTM,5,,,5535.733398,5534,5035,5994,5994,5035,0,5,4.927251368,1,230,3050,bhutan,,0
210,210,RGI60-15.04627,15,15-Jan,,84.40054485,28.7708275,4.896,Glacier,Land-terminating,Glacier or ice cap,SRTM,4,,,6036.271484,6033,5066,7045,7045,5066,0,4,5.189213562,0,,,,,
211,211,RGI60-15.10283,15,15-Jan,Cn5O195A0019 Lanong Glacier,85.557,28.568,4.892,Glacier,Land-terminating,Glacier or ice cap,SRTM,3,,,6406.397949,6475,5544,7271,7271,5544,0,3,5.214518395,1,,,poiqu,,0
212,212,RGI60-15.09383,15,15-Jan,Cn5O186C0048,85.498,28.55,4.873,Ice cap,Land-terminating,Glacier or ice cap,SRTM,1,,,5505.999023,5478,4522,6647,6643,4522,0.000628062,1,3.203122292,0,,,poiqu,1,1
213,213,RGI60-15.09348,15,15-Jan,Cn5O186C0008,85.348,28.532,4.871,Glacier,Land-terminating,Glacier or ice cap,SRTM,4,,,5501.959961,5501,4632,6165,6165,4632,0,4,4.065254326,0,,,poiqu,,1
214,214,RGI60-15.09331,15,15-Jan,Cn5O186B0024 Lasuosa Glacier,85.377,28.602,4.852,Ice cap,Land-terminating,Glacier or ice cap,SRTM,1,,,5655.67334,5642,5224,6643,6642,5224,0.000125251,1,3.899873734,0,,,poiqu,,0
215,215,RGI60-15.02942,15,15-Feb,Changme Khangpu Glacier,88.68435161,27.95992015,4.847,Glacier,Land-terminating,Glacier or ice cap,SRTM,6,,,5250.247559,5286,4825,5856,5856,4825,0,6,6.22383297,0,,,sikkim,,1
216,216,RGI60-15.03403,15,15-Feb,,86.88540295,27.87325852,4.824,Glacier,Land-terminating,Glacier or ice cap,SRTM,4,,,5187.750488,5132,4811,5936,5936,4812,0,4,5.55992424,0,,,everest,1,1
217,217,RGI60-15.10205,15,15-Feb,Cn5O194B0008,86.7,28.218,4.819,Glacier,Land-terminating,Glacier or ice cap,SRTM,5,,,6141.092285,6142,5749,6593,6592,5749,0.000250595,5,5.27266594,0,,,everest,,0
218,218,RGI60-15.04603,15,15-Jan,,84.54312134,28.63657761,4.81,Glacier,Land-terminating,Glacier or ice cap,SRTM,4,,,5360.284668,5301,4670,6186,6186,4670,0,4,6.271625176,0,,,,,
219,219,RGI60-15.09478,15,15-Feb,Cn5O191B002,85.793,28.306,4.783,Glacier,Land-terminating,Glacier or ice cap,SRTM,3,,,5968.644043,5952.5,5462,6825,6825,5462,0,3,4.833452378,2,,,poiqu,,0
220,220,RGI60-15.03784,15,15-Feb,,86.90066335,27.84356318,4.761,Glacier,Land-terminating,Glacier or ice cap,SRTM,5,,,5609.884766,5610,5370,5988,5988,5370,0,5,3.392031022,1,,,everest,,1
221,221,RGI60-15.05211,15,15-Jan,,82.63088989,29.86598206,4.758,Glacier,Land-terminating,Glacier or ice cap,SRTM,3,,,5351.462891,5304.5,4817,6200,6195,4817,0.000774194,3,4.825914498,0,,,central_west_one,1,1
222,222,RGI60-15.10448,15,15-Feb,Cn5O197B0036,88.158,27.969,4.735,Glacier,Land-terminating,Glacier or ice cap,SRTM,4,,,6214.911133,6265,5610,6788,6788,5610,0,4,4.088782464,0,,,sikkim,,0
223,223,RGI60-15.04497,15,15-Jan,,84.00933691,28.55744166,4.714,Glacier,Land-terminating,Glacier or ice cap,SRTM,3,,,4752.648926,4717,3985,5482,5482,3985,0,3,5.478427125,0,,,,,
224,224,RGI60-15.02369,15,15-Feb,,90.21331024,28.13068962,4.708,Glacier,Land-terminating,Glacier or ice cap,SRTM,3,,,4986.852051,5000.5,4337,5997,5997,4337,0,3,5.425609665,1,360,1000,bhutan,,1
225,225,RGI60-15.10784,15,15-Feb,Cn5O212A0165 Wujiu Glacier,90.51,28.196,4.701,Glacier,Land-terminating,Glacier or ice cap,SRTM,3,,,5973.592773,5903,5577,6741,6741,5577,0,3,5.38020382,0,,,bhutan,,0
226,226,RGI60-15.10787,15,15-Feb,Cn5O212A0145,90.514,28.086,4.682,Glacier,Land-terminating,Glacier or ice cap,SRTM,2,,,6027.969238,5995,5554,6771,6771,5554,0,2,5.319543648,0,,,bhutan,,0
227,227,RGI60-15.10859,15,15-Feb,Cn5O212A0186 Shela Glacier,90.623,28.205,4.681,Glacier,Land-terminating,Glacier or ice cap,SRTM,1,,,5772.063477,5438,5058,7129,7127,5058,0.000773894,1,6.544848481,0,,,bhutan,1,1
228,228,RGI60-15.04809,15,15-Jan,,84.17371346,28.52961038,4.652,Glacier,Land-terminating,Glacier or ice cap,SRTM,2,,,4876.035156,4909,3962,5638,5638,3962,0,2,4.895584412,0,,,,,
229,229,RGI60-15.10967,15,15-Feb,Cn5O252A,89.559,28.132,4.634,Glacier,Land-terminating,Glacier or ice cap,SRTM,2,,,5524.051758,5488,5118,6149,6149,5118,0,2,3.658147545,1,230,500,bhutan,,
230,230,RGI60-15.10564,15,15-Feb,Cn5O198C0012,87.587,28.183,4.621,Ice cap,Land-terminating,Glacier or ice cap,SRTM,1,,,5622.20459,5539,5077,6625,6625,5077,0,1,5.096625176,1,,,,,
231,231,RGI60-15.09486,15,15-Feb,Cn5O191B0011,85.834,28.194,4.525,Glacier,Land-terminating,Glacier or ice cap,SRTM,3,,,5611.112793,5680,4387,6674,6674,4387,0,3,4.902386361,0,,,poiqu,,0
232,232,RGI60-15.10738,15,15-Feb,Cn5O212A0287,90.428,28.113,4.517,Glacier,Land-terminating,Glacier or ice cap,SRTM,3,,,6178.64209,6165,5407,6889,6889,5407,0,3,5.117031022,0,,,bhutan,,0
233,233,RGI60-15.09578,15,15-Feb,Cn5O191D0021 Paqu Glacier,86.179,28.294,4.501,Glacier,Land-terminating,Glacier or ice cap,SRTM,3,,,5761.707031,5697,5352,6471,6471,5352,0,3,4.060965005,0,,,poiqu,,0
234,234,RGI60-15.09799,15,15-Feb,Cn5O192E0007 Yanong Glacier,86.557,28.122,4.483,Ice cap,Land-terminating,Glacier or ice cap,SRTM,1,,,5582.429688,5582,5059,6409,6409,5059,0,1,3.333452378,1,360,3000,everest,,0
235,235,RGI60-15.09194,15,15-Jan,Cn5O184B0056 Bama Glacier,84.962,28.592,4.452,Glacier,Land-terminating,Glacier or ice cap,SRTM,4,,,5271.963867,5256,4715,6185,6185,4715,0,4,4.348097039,0,,,,,
236,236,RGI60-15.10473,15,15-Feb,Cn5O197B0016 Zela Glacier,88.358,27.998,4.415,Glacier,Land-terminating,Glacier or ice cap,SRTM,2,,,5680.966797,5700,5265,6154,6150,5265,0.000690799,2,3.358452378,0,,,sikkim,,0
237,237,RGI60-15.03618,15,15-Feb,,87.03677223,27.9272663,4.414,Glacier,Land-terminating,Glacier or ice cap,SRTM,3,,,6140.473633,6136,5798,6586,6586,5798,0,3,3.733452378,0,,,everest,,0
238,238,RGI60-15.02420,15,15-Feb,,90.27611572,27.92677621,4.401,Glacier,Land-terminating,Glacier or ice cap,SRTM,6,,,5430.414551,5444,5156,5734,5734,5156,0,6,3.244238816,0,,,bhutan,,0
239,239,RGI60-15.04720,15,15-Jan,,84.32273865,28.68200684,4.387,Glacier,Land-terminating,Glacier or ice cap,SRTM,5,,,5963.345703,5935,4885,6624,6624,4885,0,5,6.21157467,0,,,,,
240,240,RGI60-15.04232,15,15-Jan,,85.6676505,28.14841058,4.35,Glacier,Land-terminating,Glacier or ice cap,SRTM,4,,,5341.571777,5372,4660,5866,5866,4660,0,4,4.620584412,0,,,poiqu,,0
241,241,RGI60-15.03551,15,15-Feb,,86.42470343,27.82935111,4.316,Glacier,Land-terminating,Glacier or ice cap,SRTM,6,,,5415.130371,5456,4774,5876,5823,4774,0.008735441,6,4.182411614,0,,,everest,,0
242,242,RGI60-15.10573,15,15-Feb,Cn5O198D0001,87.597,28.054,4.312,Glacier,Land-terminating,Glacier or ice cap,SRTM,2,,,5402.179199,5359,4715,6335,6335,4715,0,2,5.578427125,1,,,,,
243,243,RGI60-15.03595,15,15-Feb,,86.89289856,27.69248009,4.309,Glacier,Land-terminating,Glacier or ice cap,SRTM,4,,,5525.717773,5526,5060,6265,6265,5060,0,4,3.728122292,0,,,everest,,1
244,244,RGI60-15.03684,15,15-Feb,,87.77444531,27.81265972,4.296,Glacier,Land-terminating,Glacier or ice cap,SRTM,4,,,5448.083008,5543,4704,5883,5855,4706,0.00455192,4,5.021320344,0,,,sikkim,,0
245,245,RGI60-15.05313,15,15-Jan,,82.35020281,29.76677431,4.291,Glacier,Land-terminating,Glacier or ice cap,SRTM,4,,,5069.041992,5079,4569,5664,5664,4569,0,4,3.778122292,0,,,central_west_one,,0
246,246,RGI60-15.02885,15,15-Feb,,87.97713997,27.86655503,4.279,Glacier,Land-terminating,Glacier or ice cap,SRTM,4,,,5816.724121,5749,5206,6592,6592,5206,0,4,5.529113416,1,,,sikkim,,0
247,247,RGI60-15.10741,15,15-Feb,Cn5O212A028,90.445,28.102,4.234,Ice cap,Land-terminating,Glacier or ice cap,SRTM,1,,,6400.635254,6414,5634,6929,6929,5634,0,1,4.351407789,0,,,bhutan,,0
248,248,RGI60-15.04075,15,15-Jan,,85.57265865,28.25825714,4.225,Glacier,Land-terminating,Glacier or ice cap,SRTM,3,,,5585.153809,5682,4357,6455,6455,4357,0,3,5.648406922,0,,,poiqu,,0
249,249,RGI60-15.02578,15,15-Feb,,90.60820872,28.02009343,4.215,Glacier,Land-terminating,Glacier or ice cap,SRTM,4,,,5383.572754,5356,5136,5702,5702,5136,0,4,4.191643287,1,280,2400,bhutan,,0
250,250,RGI60-15.10276,15,15-Jan,Cn5O195A0024,85.475,28.625,4.196,Glacier,Land-terminating,Glacier or ice cap,SRTM,3,,,5479.521973,5503,4985,6223,6190,4985,0.011736463,3,5.671700428,1,440,1700,poiqu,,0
251,251,RGI60-15.05402,15,15-Jan,,82.69445257,29.40579407,4.184,Glacier,Land-terminating,Glacier or ice cap,SRTM,3,,,5486.841309,5514,4893,6062,6062,4893,0,3,3.384585279,0,,,central_west_one,,0
252,252,RGI60-15.10897,15,15-Feb,Cn5O212A0099,90.741,28.065,4.184,Glacier,Land-terminating,Glacier or ice cap,SRTM,4,,,5477.455078,5423,5149,6221,6221,5149,0,4,4.018526404,1,240,500,bhutan,,0
253,253,RGI60-15.04024,15,15-Jan,,84.58024537,28.45468241,4.167,Glacier,Land-terminating,Glacier or ice cap,SRTM,7,,,5164.095215,5115,4495,6315,6315,4495,0,7,4.320585279,0,,,,,
254,254,RGI60-15.09785,15,15-Feb,Cn5O192E0027 Dangpu Glacier,86.519,28.032,4.141,Glacier,Land-terminating,Glacier or ice cap,SRTM,2,,,5403.858887,5326,5083,6388,6388,5084,0,2,3.6269974,1,530,1700,everest,,1
255,255,RGI60-15.10456,15,15-Feb,Cn5O197B0036,88.179,27.963,4.119,Glacier,Land-terminating,Glacier or ice cap,SRTM,2,,,6188.194824,6167,5520,6818,6818,5520,0,2,4.935643287,0,,,sikkim,,0
256,256,RGI60-15.10840,15,15-Feb,Cn5O212A0121 Gongzhang Glacier,90.584,28.038,4.107,Glacier,Land-terminating,Glacier or ice cap,SRTM,3,,,5475.089844,5490,5084,5832,5832,5084,0,3,3.255350647,0,,,bhutan,,0
257,257,RGI60-15.10796,15,15-Feb,Cn5O212A0249,90.529,28.24,4.102,Glacier,Land-terminating,Glacier or ice cap,SRTM,5,,,6177.158203,6203,5609,6655,6655,5609,0,5,3.663350647,0,,,bhutan,,0
258,258,RGI60-15.10146,15,15-Feb,Cn5O194B004,86.569,28.17,4.095,Glacier,Land-terminating,Glacier or ice cap,SRTM,1,,,5708.572266,5659,5141,6452,6450,5141,0.000410228,1,3.776820777,0,,,everest,,0
259,259,RGI60-15.10247,15,15-Feb,Cn5O194D001,86.442,28.358,4.094,Glacier,Land-terminating,Glacier or ice cap,SRTM,3,,,6042.453125,6053,5653,6566,6566,5653,0,3,5.366351514,0,,,poiqu,,0
260,260,RGI60-15.09795,15,15-Feb,Cn5O192E0002,86.55,28.172,4.079,Ice cap,Land-terminating,Glacier or ice cap,SRTM,1,,,5679.159668,5649,5104,6539,6522,5104,0.001917808,1,3.607407789,1,170,2300,everest,,0
261,261,RGI60-15.09267,15,15-Jan,Cn5O186A0046 Zhuoranghagen Glacier,85.169,28.512,4.058,Glacier,Land-terminating,Glacier or ice cap,SRTM,1,,,5488.814453,5439,4590,6603,6603,4590,0,1,3.054408655,0,,,,,
262,262,RGI60-15.05142,15,15-Jan,,84.55624564,28.56554827,4.058,Glacier,Land-terminating,Glacier or ice cap,SRTM,4,,,7047.578613,6991,6187,8037,8037,6187,0,4,3.461409522,0,,,,,
263,263,RGI60-15.09744,15,15-Feb,Cn5O192E0055,86.335,27.984,4.048,Glacier,Land-terminating,Glacier or ice cap,SRTM,1,,,5622.091797,5533,4781,7027,7027,4781,0,1,3.164881384,0,,,everest,,0
264,264,RGI60-15.04693,15,15-Jan,,84.16316223,28.84269714,4.007,Glacier,Land-terminating,Glacier or ice cap,SRTM,6,,,5809.902344,5853,5269,6346,6329,5269,0.001929438,6,5.684760169,0,,,,,
265,265,RGI60-15.03697,15,15-Feb,,87.77063751,27.85687256,3.964,Glacier,Land-terminating,Glacier or ice cap,SRTM,5,,,5689.95752,5708,4965,6172,6172,4965,0,5,3.774408655,0,,,sikkim,,0
266,266,RGI60-15.02883,15,15-Feb,,87.99074814,27.8412908,3.922,Glacier,Land-terminating,Glacier or ice cap,SRTM,5,,,5689.882813,5693,5150,6103,6103,5150,0,5,4.644938526,0,,,sikkim,,0
267,267,RGI60-15.03599,15,15-Feb,,86.87921227,27.66449059,3.907,Glacier,Land-terminating,Glacier or ice cap,SRTM,6,,,5354.541992,5475,4503,5796,5796,4503,0,6,4.356524671,0,,,everest,,1
268,268,RGI60-15.04492,15,15-Jan,,84.05318886,28.73638735,3.887,Glacier,Land-terminating,Glacier or ice cap,SRTM,1,,,5799.273926,5758.5,5138,6396,6389,5138,0.00201323,1,4.25781991,0,,,,,
269,269,RGI60-15.02375,15,15-Feb,,90.34935502,28.08686719,3.871,Glacier,Land-terminating,Glacier or ice cap,SRTM,2,,,5185.533691,5190.5,4705,5651,5651,4705,0,2,5.990230299,2,,,bhutan,,1
270,270,RGI60-15.10088,15,15-Feb,Cn5O193B0044,87.004,28.137,3.844,Glacier,Land-terminating,Glacier or ice cap,SRTM,3,,,5962.641602,5912,5669,6655,6655,5669,0,3,3.367115149,0,,,everest,,0
271,271,RGI60-15.09303,15,15-Jan,Cn5O186B0046,85.27,28.513,3.843,Glacier,Land-terminating,Glacier or ice cap,SRTM,3,,,5309.166992,5339.5,4642,5866,5866,4642,0,3,4.555761036,0,,,poiqu,,1
272,272,RGI60-15.09807,15,15-Feb,Cn5O193A0126,87.013,28.104,3.818,Glacier,Land-terminating,Glacier or ice cap,SRTM,4,,,6202.32959,6178,6003,6684,6684,6003,0,4,4.41246753,0,,,everest,,0
273,273,RGI60-15.09389,15,15-Jan,Cn5O186C0049,85.508,28.518,3.816,Glacier,Land-terminating,Glacier or ice cap,SRTM,2,,,5541.983398,5557,4785,6588,6588,4785,0,2,3.509409522,1,,,poiqu,1,1
274,274,RGI60-15.10604,15,15-Feb,Cn5O198E0019,87.61,28.067,3.808,Glacier,Land-terminating,Glacier or ice cap,SRTM,3,,,5896.147461,5909,5214,6594,6594,5214,0,3,3.772703028,1,,,,,
275,275,RGI60-15.04776,15,15-Jan,,83.96740056,28.56458863,3.806,Glacier,Land-terminating,Glacier or ice cap,SRTM,3,,,5259.480957,5263,4661,5884,5884,4661,0,3,3.172703028,0,,,,,
276,276,RGI60-15.10928,15,15-Feb,Cn5O212A0015 Gangzegaji Glacier,90.862,28.037,3.798,Ice cap,Land-terminating,Glacier or ice cap,SRTM,1,,,5308.041992,5439,4781,5703,5698,4781,0.002207506,1,3.696585279,0,,,bhutan,,0
277,277,RGI60-15.09380,15,15-Jan,Cn5O186C0047,85.491,28.569,3.78,Ice cap,Land-terminating,Glacier or ice cap,SRTM,1,,,5407.766602,5329,4452,6651,6651,4452,0,1,3.466940259,1,,,poiqu,1,1
278,278,RGI60-15.10846,15,15-Feb,Cn5O212A0133 Shenglang Glacier,90.599,28.112,3.756,Glacier,Land-terminating,Glacier or ice cap,SRTM,2,,,5541.733887,5481,5214,6190,6188,5214,0.000596214,2,4.166644153,0,,,bhutan,,0
279,279,RGI60-15.10467,15,15-Feb,Cn5O197B0023 Mogunong Glacier,88.29,27.983,3.744,Glacier,Land-terminating,Glacier or ice cap,SRTM,3,,,5831.570801,5774,5304,6560,6556,5304,0.000740631,3,5.701937659,0,,,sikkim,,0
280,280,RGI60-15.03142,15,15-Feb,,87.96202099,27.8735649,3.738,Glacier,Land-terminating,Glacier or ice cap,SRTM,4,,,5720.598633,5748,4885,6277,6277,4885,0,4,4.225584412,0,,,sikkim,,0
281,281,RGI60-15.09241,15,15-Jan,Cn5O186A0037 Kongjiu Glacier,85.115,28.456,3.724,Glacier,Land-terminating,Glacier or ice cap,SRTM,2,,,5359.80127,5328.5,4534,6060,6060,4534,0,2,3.016349781,0,,,,,
282,282,RGI60-15.03973,15,15-Jan,,85.08931467,28.37736722,3.702,Glacier,Land-terminating,Glacier or ice cap,SRTM,3,,,4470.83252,4370,4020,5753,5753,4020,0,3,7.621056634,0,,,,,
283,283,RGI60-15.09923,15,15-Feb,Cn5O193B0196,86.726,28.24,3.693,Glacier,Land-terminating,Glacier or ice cap,SRTM,4,,,6201.913574,6199,5905,6527,6526,5905,0.00027571,4,4.166830012,0,,,everest,,0
284,284,RGI60-15.03735,15,15-Feb,,86.86774553,27.94560488,3.692,Glacier,Land-terminating,Glacier or ice cap,SRTM,3,,,5341.05127,5330,4993,5866,5866,4993,0,3,6.293991483,2,,,everest,1,1
285,285,RGI60-15.09309,15,15-Jan,Cn5O186B004,85.314,28.516,3.69,Glacier,Land-terminating,Glacier or ice cap,SRTM,4,,,5221.002441,5148,4801,5885,5885,4801,0,4,4.515776188,0,,,poiqu,,0
286,286,RGI60-15.03359,15,15-Feb,,88.74593964,27.83293654,3.688,Glacier,Land-terminating,Glacier or ice cap,SRTM,5,,,5186.158691,5160,4502,5699,5699,4502,0,5,4.073195452,0,,,sikkim,,0
287,287,RGI60-15.10254,15,15-Jan,Cn5O194E0009 Yebokangjiale Glacier,85.728,28.403,3.686,Glacier,Land-terminating,Glacier or ice cap,SRTM,2,,,6392.458496,6343,5873,7267,7267,5873,0,2,4.6173031,0,,,poiqu,,0
288,288,RGI60-15.02873,15,15-Feb,,88.03413057,27.89053637,3.679,Glacier,Land-terminating,Glacier or ice cap,SRTM,6,,,5882.179688,5889,5436,6393,6393,5436,0,6,4.528291773,0,,,sikkim,,0
289,289,RGI60-15.10567,15,15-Feb,Cn5O198C0058,87.592,28.084,3.67,Ice cap,Land-terminating,Glacier or ice cap,SRTM,1,,,5428.408203,5273,4843,6533,6533,4843,0,1,3.731184125,0,,,,,
290,290,RGI60-15.10470,15,15-Feb,Cn5O197B0020 Yare Glacier,88.308,27.981,3.625,Glacier,Land-terminating,Glacier or ice cap,SRTM,1,,,5693.009766,5688,5269,6359,6359,5269,0,1,3.299087804,0,,,sikkim,,0
291,291,RGI60-15.10633,15,15-Feb,Cn5O198E009,87.727,27.878,3.607,Glacier,Land-terminating,Glacier or ice cap,SRTM,3,,,5606.914551,5591,5189,6283,6283,5189,0,3,5.322410747,2,,,sikkim,,1
292,292,RGI60-15.03498,15,15-Feb,,86.55513763,27.80233574,3.581,Glacier,Land-terminating,Glacier or ice cap,SRTM,4,,,5436.538574,5611.5,4396,6612,6612,4396,0,4,6.49433708,0,,,everest,,1
293,293,RGI60-15.09291,15,15-Jan,Cn5O186A0022,85.227,28.363,3.573,Glacier,Land-terminating,Glacier or ice cap,SRTM,6,,,5076.968262,4995,4361,6107,6107,4361,0,6,4.160572219,0,,,,,
294,294,RGI60-15.04607,15,15-Jan,,84.52924414,28.59775686,3.545,Glacier,Land-terminating,Glacier or ice cap,SRTM,2,,,5089.936035,5146,4225,5626,5626,4225,0,2,3.186399421,0,,,,,
295,295,RGI60-15.04063,15,15-Jan,,84.59915324,28.61669551,3.544,Glacier,Land-terminating,Glacier or ice cap,SRTM,2,,,5325.195801,5440,4481,6168,6168,4481,0,2,3.499830012,0,,,,,
296,296,RGI60-15.04144,15,15-Jan,,84.74549866,28.60994339,3.536,Glacier,Land-terminating,Glacier or ice cap,SRTM,6,,,5594.120117,5691,4741,6199,6185,4741,0.001138628,6,3.479141628,0,,,,,
297,297,RGI60-15.02867,15,15-Feb,,88.21676137,27.85182255,3.529,Glacier,Land-terminating,Glacier or ice cap,SRTM,3,,,5683.258789,5749,5215,6679,6679,5215,0,3,4.480657213,1,550,1400,sikkim,,1
298,298,RGI60-15.09332,15,15-Jan,Cn5O186B0021 Chacangpu Glacier,85.388,28.618,3.514,Glacier,Land-terminating,Glacier or ice cap,SRTM,3,,,5524.306641,5517,5185,5884,5878,5185,0.001460067,3,4.001883835,0,,,poiqu,,0
299,299,RGI60-15.04662,15,15-Jan,,84.15500684,28.85588645,3.501,Glacier,Land-terminating,Glacier or ice cap,SRTM,3,,,5864.16748,5939,5238,6385,6381,5238,0.001299451,3,6.149056634,0,,,,,
300,300,RGI60-15.09606,15,15-Feb,Cn5O192B0001 Xiongdemo Glacier,86.094,28.101,3.497,Glacier,Land-terminating,Glacier or ice cap,SRTM,5,,,5249.728027,5296.5,4635,6018,6018,4635,0,5,4.1113031,0,,,poiqu,,1
301,301,RGI60-15.04775,15,15-Jan,,83.95825769,28.58710823,3.484,Glacier,Land-terminating,Glacier or ice cap,SRTM,3,,,5612.677734,5638,4886,6253,6253,4886,0,3,3.276764861,0,,,,,
302,302,RGI60-15.10428,15,15-Feb,Cn5O197B0095 Sheqiang Glacier,88.099,27.985,3.461,Ice cap,Land-terminating,Glacier or ice cap,SRTM,1,,,6244.950684,6244,5783,6615,6615,5783,0,1,3.280711037,0,,,sikkim,,0
303,303,RGI60-15.05608,15,15-Jan,,82.65760418,29.35145741,3.451,Glacier,Land-terminating,Glacier or ice cap,SRTM,4,,,5523.982422,5549,4703,6256,6256,4703,0,4,3.813260603,0,,,central_west_one,,0
304,304,RGI60-15.05623,15,15-Jan,,82.5529931,29.30755093,3.444,Glacier,Land-terminating,Glacier or ice cap,SRTM,3,,,4558.390137,4454,4187,5315,5315,4187,0,3,4.660314426,0,,,central_west_one,,1
305,305,RGI60-15.03609,15,15-Feb,,87.09698591,27.85942544,3.439,Glacier,Land-terminating,Glacier or ice cap,SRTM,3,,,5896.70459,5841,4905,6912,6912,4905,0,3,3.615787514,0,,,everest,,0
306,306,RGI60-15.03706,15,15-Feb,,87.84616627,27.93722196,3.433,Glacier,Land-terminating,Glacier or ice cap,SRTM,4,,,5710.629883,5792,5151,6196,6196,5151,0,4,4.115249276,0,,,sikkim,1,1
307,307,RGI60-15.02381,15,15-Feb,,90.27517602,27.98285971,3.426,Glacier,Land-terminating,Glacier or ice cap,SRTM,4,,,5363.258789,5361,5160,5598,5598,5160,0,4,3.874764861,0,,,bhutan,,1
308,308,RGI60-15.02940,15,15-Feb,,88.67564746,27.98895686,3.425,Glacier,Land-terminating,Glacier or ice cap,SRTM,3,,,5871.740723,5922.5,5218,6732,6732,5218,0,3,4.289045307,1,300,2300,sikkim,,1
309,309,RGI60-15.10261,15,15-Feb,Cn5O194E0004,85.788,28.404,3.422,Glacier,Land-terminating,Glacier or ice cap,SRTM,4,,,6176.31543,6138,5742,6785,6785,5742,0,4,4.778980156,0,,,poiqu,,0
310,310,RGI60-15.04715,15,15-Jan,,84.35559082,28.72842217,3.42,Glacier,Land-terminating,Glacier or ice cap,SRTM,5,,,6276.826172,6332.5,4953,7016,7015,4953,0.000443131,5,6.180626043,0,,,,,
311,311,RGI60-15.10275,15,15-Jan,Cn5O195A0025,85.454,28.633,3.413,Ice cap,Land-terminating,Glacier or ice cap,SRTM,1,,,5696.289063,5667,5221,6413,6413,5221,0,1,4.085991483,1,290,1400,poiqu,,0
312,312,RGI60-15.02710,15,15-Feb,,88.10829163,27.61169434,3.401,Ice cap,Land-terminating,Glacier or ice cap,SRTM,1,,,6219.433594,6144,4707,7273,7273,4707,0,1,5.785960313,0,,,sikkim,,0
313,313,RGI60-15.10196,15,15-Feb,Cn5O194B0014,86.683,28.209,3.4,Glacier,Land-terminating,Glacier or ice cap,SRTM,3,,,6215.103027,6192,5914,6576,6576,5914,0,3,3.321130301,0,,,everest,,0
314,314,RGI60-15.03505,15,15-Feb,,86.57429161,27.73731192,3.387,Glacier,Land-terminating,Glacier or ice cap,SRTM,4,,,5424.743164,5366,4865,6225,6225,4865,0,4,3.957518395,0,,,everest,,0
315,315,RGI60-15.02976,15,15-Feb,,88.66084559,27.89398026,3.385,Glacier,Land-terminating,Glacier or ice cap,SRTM,3,,,5124.497559,5119,4752,5776,5776,4752,0,3,4.556195452,0,,,sikkim,,1
316,316,RGI60-15.09152,15,15-Jan,Cn5O184A0001,84.778,28.62,3.371,Glacier,Land-terminating,Glacier or ice cap,SRTM,3,,,5459.271484,5440,5125,6037,6037,5125,0,3,3.330657213,2,,,,,
317,317,RGI60-15.03948,15,15-Feb,,86.84048186,27.77905199,3.369,Glacier,Land-terminating,Glacier or ice cap,SRTM,2,,,5492.725586,5280,4932,6501,6501,4932,0,2,7.709787514,2,,,everest,,1
318,318,RGI60-15.09435,15,15-Jan,Cn5O186C0088,85.598,28.425,3.362,Glacier,Land-terminating,Glacier or ice cap,SRTM,5,,,5489.73877,5483,5145,5910,5910,5145,0,5,4.108991483,0,,,poiqu,,0
319,319,RGI60-15.04018,15,15-Jan,,85.47650147,28.25198364,3.356,Glacier,Land-terminating,Glacier or ice cap,SRTM,4,,,5461.237793,5395,4365,6843,6843,4365,0,4,4.747691193,0,,,poiqu,1,1
320,320,RGI60-15.04347,15,15-Jan,,84.50273132,28.56755066,3.34,Glacier,Land-terminating,Glacier or ice cap,SRTM,3,,,4339.661133,4291,3413,5295,5295,3413,0,3,7.762606199,0,,,,,
321,321,RGI60-15.03504,15,15-Feb,,86.59458374,27.73977645,3.327,Glacier,Land-terminating,Glacier or ice cap,SRTM,5,,,5290.266113,5271,4979,5808,5808,4979,0,5,3.64803398,0,,,everest,,1
322,322,RGI60-15.10190,15,15-Feb,Cn5O194B004,86.672,28.151,3.324,Ice cap,Land-terminating,Glacier or ice cap,SRTM,1,,,6404.869141,6345.5,5903,7182,7182,5903,0,1,3.382237949,0,,,everest,,0
323,323,RGI60-15.10273,15,15-Jan,Cn5O195A0026,85.445,28.651,3.314,Glacier,Land-terminating,Glacier or ice cap,SRTM,4,,,6066.983398,6099,5364,6696,6696,5364,0,4,4.220722364,1,300,700,poiqu,,1
324,324,RGI60-15.10761,15,15-Feb,Cn5O212A0272,90.477,28.169,3.299,Glacier,Land-terminating,Glacier or ice cap,SRTM,4,,,6103.04248,6134,5576,6595,6595,5576,0,4,3.854356923,0,,,bhutan,,0
325,325,RGI60-15.10188,15,15-Feb,Cn5O194B0017,86.668,28.184,3.293,Glacier,Land-terminating,Glacier or ice cap,SRTM,3,,,6277.434082,6306,5845,6654,6654,5845,0,3,4.5483031,0,,,everest,,0
326,326,RGI60-15.09804,15,15-Feb,Cn5O193A012,87.005,28.069,3.285,Glacier,Land-terminating,Glacier or ice cap,SRTM,4,,,6259.95752,6282,5953,6616,6616,5953,0,4,2.767495742,0,,,everest,,0
327,327,RGI60-15.05727,15,15-Jan,,82.61515479,29.43665073,3.273,Glacier,Land-terminating,Glacier or ice cap,SRTM,5,,,5062.454102,4961,4580,5920,5920,4580,0,5,6.01336825,0,,,central_west_one,,1
328,328,RGI60-15.10651,15,15-Feb,Cn5O198E0098,87.765,27.865,3.221,Glacier,Land-terminating,Glacier or ice cap,SRTM,2,,,5811.55127,5847,5278,6314,6314,5278,0,2,3.976572219,0,,,sikkim,,0
329,329,RGI60-15.04609,15,15-Jan,,84.51200867,28.69145393,3.21,Glacier,Land-terminating,Glacier or ice cap,SRTM,2,,,5187.914063,5046,4076,6459,6459,4076,0,2,7.124863992,0,,,,,
330,330,RGI60-15.10710,15,15-Feb,Cn5O212A0322 Baqude Glacier,90.327,28.239,3.198,Glacier,Land-terminating,Glacier or ice cap,SRTM,3,,,6231.88623,6211,5671,6791,6791,5671,0,3,5.833991483,0,,,bhutan,,0
331,331,RGI60-15.10713,15,15-Feb,Cn5O212A0313 Gegu Glacier,90.341,28.219,3.195,Glacier,Land-terminating,Glacier or ice cap,SRTM,2,,,6329.254395,6307,5796,6866,6866,5796,0,2,3.821549565,,,,bhutan,,0
332,332,RGI60-15.10597,15,15-Feb,Cn5O198E012,87.604,27.824,3.174,Glacier,Land-terminating,Glacier or ice cap,SRTM,4,,,5358.415039,5364,5075,5619,5619,5075,0,4,2.653155554,0,,,sikkim,,0
333,333,RGI60-15.10288,15,15-Jan,Cn5O195A001,85.602,28.5,3.167,Ice cap,Land-terminating,Glacier or ice cap,SRTM,1,,,6027.080078,5945,5472,6647,6633,5472,0.016681561,1,3.353380951,0,,,poiqu,,0
334,334,RGI60-15.02879,15,15-Feb,,87.96713061,27.82261349,3.167,Glacier,Land-terminating,Glacier or ice cap,SRTM,5,,,5549.649902,5566,4925,6162,6162,4925,0,5,3.154733332,0,,,sikkim,,0
335,335,RGI60-15.10314,15,15-Feb,Cn5O197B0199 Jincuo Glacier,87.614,28.194,3.134,Ice cap,Land-terminating,Glacier or ice cap,SRTM,1,,,6180.606934,6236,5404,6709,6707,5404,0.000148456,1,4.020550791,1,,,,,
336,336,RGI60-15.04173,15,15-Jan,,85.53731134,28.28867066,3.134,Glacier,Land-terminating,Glacier or ice cap,SRTM,4,,,5229.978027,5311,4224,5846,5846,4224,0,4,4.128987299,0,,,poiqu,,1
337,337,RGI60-15.03975,15,15-Jan,,84.99775981,28.402076,3.127,Glacier,Land-terminating,Glacier or ice cap,SRTM,3,,,5460.438965,5548,4575,6139,6139,4575,0,3,3.250930158,0,,,,,
338,338,RGI60-15.04061,15,15-Jan,,85.05897271,28.56860067,3.115,Glacier,Land-terminating,Glacier or ice cap,SRTM,2,,,5646.67627,5787,4702,6198,6196,4702,0.001052948,2,4.629917457,0,,,,,
339,339,RGI60-15.05586,15,15-Jan,,82.71804114,29.30300949,3.102,Glacier,Land-terminating,Glacier or ice cap,SRTM,3,,,5382.824219,5364,4948,6091,6091,4948,0,3,3.265001584,1,200,400,central_west_one,,0
340,340,RGI60-15.04675,15,15-Jan,,84.12515356,28.92401817,3.102,Glacier,Land-terminating,Glacier or ice cap,SRTM,4,,,6064.75293,6103,5395,6414,6414,5395,0,4,4.185226981,0,,,,,
341,341,RGI60-15.10715,15,15-Feb,Cn5O212A0312,90.346,28.204,3.095,Glacier,Land-terminating,Glacier or ice cap,SRTM,2,,,6408.904297,6382,5695,6943,6939,5695,0.00120919,2,3.632747617,0,,,bhutan,,0
342,342,RGI60-15.10248,15,15-Feb,Cn5O194D0009,86.456,28.364,3.084,Glacier,Land-terminating,Glacier or ice cap,SRTM,2,,,6000.762695,5980,5631,6426,6426,5631,0,2,4.822311109,0,,,poiqu,,0
343,343,RGI60-15.02844,15,15-Feb,,88.09539795,27.64774323,3.083,Glacier,Land-terminating,Glacier or ice cap,SRTM,4,,,5965.935059,5772,5136,7128,7128,5136,0,4,4.729888886,0,,,sikkim,,0
344,344,RGI60-15.04674,15,15-Jan,,84.10654175,28.91615433,3.081,Glacier,Land-terminating,Glacier or ice cap,SRTM,4,,,6012.245605,6034.5,5414,6364,6364,5414,0,4,3.716325394,0,,,,,
345,345,RGI60-15.04692,15,15-Jan,,84.14585755,28.86666887,3.059,Glacier,Land-terminating,Glacier or ice cap,SRTM,5,,,5893.385742,5872,5479,6497,6497,5479,0,5,4.038776188,0,,,,,
346,346,RGI60-15.03704,15,15-Feb,,87.84522198,27.89894922,3.058,Glacier,Land-terminating,Glacier or ice cap,SRTM,5,,,5309.217773,5177,4865,6108,6093,4865,0.002837091,5,6.531677775,0,,,sikkim,1,1
347,347,RGI60-15.04732,15,15-Jan,,84.00600431,28.81141306,3.055,Glacier,Land-terminating,Glacier or ice cap,SRTM,5,,,5896.73291,5950,5308,6379,6379,5308,0,5,4.246804758,0,,,,,
348,348,RGI60-15.04691,15,15-Jan,,84.13017273,28.87598229,3.046,Glacier,Land-terminating,Glacier or ice cap,SRTM,3,,,5813.100098,5767,5470,6370,6370,5470,0,3,3.681438093,0,,,,,
349,349,RGI60-15.03520,15,15-Feb,,86.58361959,27.79664413,3.041,Glacier,Land-terminating,Glacier or ice cap,SRTM,3,,,5834.319824,5735.5,5128,6627,6623,5128,0.000920528,3,3.485001584,0,,,everest,,0
350,350,RGI60-15.05129,15,15-Jan,,84.52604713,28.58435343,3.037,Glacier,Land-terminating,Glacier or ice cap,SRTM,1,,,5209.047852,5359,3981,5955,5955,3981,0,1,4.284171424,0,,,,,
351,351,RGI60-15.09582,15,15-Feb,Cn5O191D0014 Chaxiequdeng Glacier,86.198,28.316,3.035,Glacier,Land-terminating,Glacier or ice cap,SRTM,2,,,5946.902832,5894,5458,6567,6567,5458,0,2,3.474325394,0,,,poiqu,,0
352,352,RGI60-15.09740,15,15-Feb,Cn5O192E0059,86.319,27.959,3.022,Glacier,Land-terminating,Glacier or ice cap,SRTM,2,,,5705.62793,5575,4975,7042,7042,4975,0,2,3.98852222,0,,,everest,,1
353,353,RGI60-15.09419,15,15-Jan,Cn5O186C0097,85.558,28.352,3.01,Glacier,Land-terminating,Glacier or ice cap,SRTM,1,,,5470.912598,5451,4795,6148,6137,4795,0.001727658,1,2.425606348,0,,,poiqu,,0
354,354,RGI60-15.02762,15,15-Feb,,88.0452102,27.62852186,3.007,Glacier,Land-terminating,Glacier or ice cap,SRTM,3,,,5452.79541,5447,5042,5830,5830,5042,0,3,3.298704761,0,,,sikkim,,0
355,355,RGI60-15.10818,15,15-Feb,Cn5O212A0238,90.557,28.254,3.002,Glacier,Land-terminating,Glacier or ice cap,SRTM,2,,,5932.510254,5876,5494,6632,6632,5494,0,2,4.006099997,0,,,bhutan,,0
356,356,RGI60-15.09508,15,15-Feb,Cn5O191C0008 Reqiang Glacier,85.829,28.362,3.002,Glacier,Land-terminating,Glacier or ice cap,SRTM,3,,,6080.567871,5773,5292,7624,7624,5292,0,3,4.255649204,1,390,4800,poiqu,,1
357,357,RGI60-13.26239,13,13-Aug,Cn5O240A0011 Zeng Glacier,90.255,28.192,86.342,Glacier,Land-terminating,Glacier or ice cap,SRTM,11,,,6219.478027,6358,5309,7013,7013,5309,0,11,20.13289501,0,,,bhutan,,0
358,358,RGI60-13.26415,13,13-Aug,Cn5O251B0048 Shimo Glacier,90.039,28.192,30.51,Glacier,Land-terminating,Glacier or ice cap,SRTM,7,,,5883.765137,5894,5180,6858,6858,5180,0,7,14.62408888,1,610,2100,bhutan,,0
359,359,RGI60-13.26929,13,13-Aug,Cn5O258A0014 Asejiaguo Glacier,82.215,30.085,28.298,Glacier,Land-terminating,Glacier or ice cap,SRTM,10,,,5598.08252,5582,4900,6622,6622,4900,0,10,12.97233571,1,770,3000,central_west_one,,0
360,360,RGI60-13.26974,13,13-Aug,Cn5O258B0005 Jiemayangzong Glacier,82.163,30.214,20.736,Glacier,Land-terminating,Glacier or ice cap,SRTM,9,,,5647.299316,5655,5080,6305,6305,5080,0,9,11.43747575,1,590,2900,central_west_one,,0
361,361,RGI60-13.26437,13,13-Aug,Cn5O251B0044 Shie Glacier,90.107,28.18,19.653,Glacier,Land-terminating,Glacier or ice cap,SRTM,8,,,5916.695801,5795,5190,6938,6890,5190,0.003676778,8,9.643534265,1,410,5400,bhutan,,0
362,362,RGI60-13.26237,13,13-Aug,Cn5O240A0012,90.178,28.208,18.515,Glacier,Land-terminating,Glacier or ice cap,SRTM,3,,,6249.768555,6219,5514,7031,7010,5514,0.003110289,3,8.753624817,1,300,2800,bhutan,,0
363,363,RGI60-13.26642,13,13-Aug,Cn5O256C0032,84.463,28.784,17.884,Glacier,Land-terminating,Glacier or ice cap,SRTM,8,,,6150.189453,6133,5494,6916,6916,5494,0,8,9.263229432,0,,,,,
364,364,RGI60-13.26928,13,13-Aug,Cn5O258A002,82.213,30.171,17.269,Glacier,Land-terminating,Glacier or ice cap,SRTM,6,,,5787.141113,5810,5217,6480,6480,5217,0,6,8.436037657,0,,,central_west_one,,0
365,365,RGI60-13.26439,13,13-Aug,Cn5O251B0044 Shie Glacier,90.138,28.21,16.338,Glacier,Land-terminating,Glacier or ice cap,SRTM,3,,,5712.885742,5689,5129,6476,6476,5129,0,3,6.369649922,1,580,4200,bhutan,,0
366,366,RGI60-13.26404,13,13-Aug,Cn5O251B0049,90.001,28.216,14.256,Glacier,Land-terminating,Glacier or ice cap,SRTM,2,,,5784.068848,5806,5083,6857,6857,5083,0,2,12.27475844,0,,,bhutan,,0
367,367,RGI60-13.26387,13,13-Aug,Cn5O251B0058 Gabu Glacier,89.911,28.198,12.711,Glacier,Land-terminating,Glacier or ice cap,SRTM,4,,,5798.550293,5764.5,4960,7081,7081,4960,0,4,9.2303005,1,400,2300,bhutan,,0
368,368,RGI60-13.26967,13,13-Aug,Cn5O258B0008,82.128,30.241,12.695,Glacier,Land-terminating,Glacier or ice cap,SRTM,8,,,5640.916504,5642,5234,6161,6158,5234,9.47E-05,8,6.2553005,0,,,central_west_one,,0
369,369,RGI60-13.26949,13,13-Aug,Cn5O258A0007 Asejia Glacier,82.312,30.056,12.52,Glacier,Land-terminating,Glacier or ice cap,SRTM,6,,,5431.766113,5415,4854,6089,6089,4854,0,6,7.292260095,0,,,central_west_one,,0
370,370,RGI60-13.26588,13,13-Aug,Cn5O256C0101,84.288,28.9,11.583,Glacier,Land-terminating,Glacier or ice cap,SRTM,2,,,6043.973145,5995,5466,6790,6790,5466,0,2,6.171328712,0,,,,,
371,371,RGI60-13.26590,13,13-Aug,Cn5O256C0098,84.32,28.879,10.513,Glacier,Land-terminating,Glacier or ice cap,SRTM,6,,,5964.37207,5905,5465,6728,6728,5465,0,6,7.878826186,0,,,,,
372,372,RGI60-13.26247,13,13-Aug,Cn5O240A001,90.302,28.215,10.311,Ice cap,Land-terminating,Glacier or ice cap,SRTM,1,,,6355.816895,6368,5612,6858,6858,5612,0,1,6.113722364,0,,,bhutan,,0
373,373,RGI60-13.26583,13,13-Aug,Cn5O256C0104,84.236,28.912,9.729,Glacier,Land-terminating,Glacier or ice cap,SRTM,2,,,5981.962891,5994,5502,6806,6805,5502,0.00010321,2,8.31301587,0,,,,,
374,374,RGI60-13.26969,13,13-Aug,Cn5O258B0019,82.132,30.326,9.081,Glacier,Land-terminating,Glacier or ice cap,SRTM,8,,,5827.519043,5842,5337,6454,6454,5337,0,8,5.423552883,0,,,central_west_one,,0
375,375,RGI60-13.26927,13,13-Aug,Cn5O258A002,82.208,30.199,7.991,Glacier,Land-terminating,Glacier or ice cap,SRTM,5,,,5905.774414,5933,5402,6400,6392,5402,0.000442625,5,5.547350647,0,,,central_west_one,,0
376,376,RGI60-13.26968,13,13-Aug,Cn5O258B001,82.13,30.281,7.795,Glacier,Land-terminating,Glacier or ice cap,SRTM,6,,,5772.123535,5791,5397,6151,6148,5397,0.000447577,6,6.030731599,0,,,central_west_one,,0
377,377,RGI60-13.26395,13,13-Aug,Cn5O251B0052,89.972,28.213,7.763,Glacier,Land-terminating,Glacier or ice cap,SRTM,2,,,6107.626465,6088,5368,7104,7098,5368,0.00045045,2,7.768082246,0,,,bhutan,,0
378,378,RGI60-13.26611,13,13-Aug,Cn5O256C0046,84.415,28.867,7.564,Glacier,Land-terminating,Glacier or ice cap,SRTM,5,,,6108.014648,6095,5478,6759,6759,5478,0,5,6.604816952,0,,,,,
379,379,RGI60-13.04767,13,13-Aug,,84.33099885,28.85626499,7.333,Glacier,Land-terminating,Glacier or ice cap,SRTM,6,,,5865.528809,5855,5439,6628,6628,5439,0,6,6.457755985,0,,,,,
380,380,RGI60-13.26904,13,13-Aug,Cn5O257D0005,82.9,29.719,7.235,Glacier,Land-terminating,Glacier or ice cap,SRTM,5,,,5735.060059,5695,5321,6260,6249,5321,0.001464624,5,7.528194944,0,,,central_west_one,,0
381,381,RGI60-13.26906,13,13-Aug,Cn5O257D,82.927,29.719,6.528,Glacier,Land-terminating,Glacier or ice cap,SRTM,4,,,5788.427734,5749,5365,6473,6473,5365,0,4,6.293064643,0,,,central_west_one,,0
382,382,RGI60-13.26446,13,13-Aug,Cn5O251C0008,89.718,28.183,6.356,Glacier,Land-terminating,Glacier or ice cap,SRTM,5,,,5349.850098,5364,4932,5671,5626,4932,0.011953144,5,4.10391919,0,,,bhutan,,0
383,383,RGI60-13.26941,13,13-Aug,Cn5O258A001,82.266,30.076,6.037,Glacier,Land-terminating,Glacier or ice cap,SRTM,2,,,5467.429199,5462,5042,6075,6075,5042,0,2,4.131658439,0,,,central_west_one,,0
384,384,RGI60-13.26954,13,13-Aug,Cn5O258A0005,82.357,30.034,5.297,Glacier,Land-terminating,Glacier or ice cap,SRTM,6,,,5416.956055,5437,4946,5886,5886,4946,0,6,5.578650788,0,,,central_west_one,,0
385,385,RGI60-13.26931,13,13-Aug,Cn5O258A002,82.218,30.141,5.295,Glacier,Land-terminating,Glacier or ice cap,SRTM,3,,,5965.912109,5866.5,5389,6622,6622,5389,0,3,5.742173157,0,,,central_west_one,,0
386,386,RGI60-13.26584,13,13-Aug,Cn5O256C01,84.25,28.913,4.193,Ice cap,Land-terminating,Glacier or ice cap,SRTM,1,,,6115.453125,6055,5598,6875,6875,5598,0,1,5.125231165,0,,,,,
387,387,RGI60-13.26592,13,13-Aug,Cn5O256C0097,84.356,28.873,4.143,Glacier,Land-terminating,Glacier or ice cap,SRTM,3,,,6151.032715,6189,5509,6931,6931,5509,0,3,4.980232032,0,,,,,
388,388,RGI60-13.26243,13,13-Aug,Cn5O240A0006 Zhenxieli Glacier,90.293,28.242,4.134,Glacier,Land-terminating,Glacier or ice cap,SRTM,5,,,6231.853516,6218,5791,6786,6786,5791,0,5,4.22729004,0,,,bhutan,,0
389,389,RGI60-13.26604,13,13-Aug,Cn5O256C0049,84.394,28.878,3.993,Glacier,Land-terminating,Glacier or ice cap,SRTM,3,,,6231.806641,6171,5863,6956,6950,5863,0.001119038,3,5.237994801,0,,,,,
390,390,RGI60-13.26926,13,13-Aug,Cn5O257E0001,82.705,29.872,3.826,Glacier,Land-terminating,Glacier or ice cap,SRTM,3,,,5970.730957,5968,5270,6620,6568,5270,0.010688141,3,4.72064242,0,,,central_west_one,,0
391,391,RGI60-13.26666,13,13-Aug,Cn5O256C0017,84.529,28.891,3.735,Glacier,Land-terminating,Glacier or ice cap,SRTM,4,,,5946.32959,5943,5568,6294,6294,5568,0,4,4.679878785,1,150,1600,,,
392,392,RGI60-13.26245,13,13-Aug,Cn5O240A0005,90.299,28.257,3.717,Glacier,Land-terminating,Glacier or ice cap,SRTM,2,,,6166.860352,6140,5843,6639,6638,5843,0.000138064,2,4.2493031,1,270,850,bhutan,,0
393,393,RGI60-13.26909,13,13-Aug,Cn5O257D0001,82.956,29.705,3.565,Glacier,Land-terminating,Glacier or ice cap,SRTM,3,,,5696.141113,5659,5391,6238,6238,5391,0,3,5.450487225,1,360,2300,central_west_one,,0
394,394,RGI60-13.26384,13,13-Aug,Cn5O251B0061,89.812,28.25,3.332,Glacier,Land-terminating,Glacier or ice cap,SRTM,2,,,5712.84668,5701,5416,6212,6212,5416,0,2,3.723291773,0,,,bhutan,,0
395,395,RGI60-13.26246,13,13-Aug,Cn5O240A0009,90.299,28.228,3.302,Ice cap,Land-terminating,Glacier or ice cap,SRTM,1,,,6392.646973,6405,5841,6805,6805,5841,0,1,4.603830012,0,,,bhutan,,0
396,396,RGI60-13.26898,13,13-Aug,Cn5O257D0021,82.729,29.87,3.165,Glacier,Land-terminating,Glacier or ice cap,SRTM,3,,,5989.154297,5904,5675,6566,6537,5675,0.007631347,3,4.670790473,1,280,600,central_west_one,,0
397,397,RGI60-13.26394,13,13-Aug,Cn5O251B005,89.953,28.212,3.077,Glacier,Land-terminating,Glacier or ice cap,SRTM,2,,,6113.164551,6125,5588,6705,6705,5588,0,2,4.895212696,0,,,bhutan,,0
